Timestamp (UTC),Value (mm)
1992-10-01 16:00:00,0
1992-10-02 16:00:00,0
1992-10-03 16:00:00,0
1992-10-04 16:00:00,0
1992-10-05 16:00:00,0
1992-10-06 16:00:00,0
1992-10-07 16:00:00,0
1992-10-08 16:00:00,0
1992-10-09 16:00:00,0
1992-10-10 16:00:00,0
1992-10-11 16:00:00,0
1992-10-12 16:00:00,0
1992-10-13 16:00:00,0
1992-10-14 16:00:00,0
1992-10-15 16:00:00,0
1992-10-16 16:00:00,0
1992-10-17 16:00:00,0
1992-10-18 16:00:00,0
1992-10-19 16:00:00,0
1992-10-20 16:00:00,0
1992-10-21 16:00:00,0
1992-10-22 16:00:00,0
1992-10-23 16:00:00,0
1992-10-24 16:00:00,0
1992-10-25 16:00:00,0
1992-10-26 16:00:00,0
1992-10-27 16:00:00,0
1992-10-28 16:00:00,0
1992-10-29 16:00:00,0
1992-10-30 16:00:00,0
1992-10-31 16:00:00,0
1992-11-01 16:00:00,0
1992-11-02 16:00:00,0
1992-11-03 16:00:00,0
1992-11-04 16:00:00,0
1992-11-05 16:00:00,0
1992-11-06 16:00:00,0
1992-11-07 16:00:00,0
1992-11-08 16:00:00,0
1992-11-09 16:00:00,0
1992-11-10 16:00:00,0
1992-11-11 16:00:00,42
1992-11-12 16:00:00,46
1992-11-13 16:00:00,50
1992-11-14 16:00:00,51
1992-11-15 16:00:00,51
1992-11-16 16:00:00,53
1992-11-17 16:00:00,57
1992-11-18 16:00:00,57
1992-11-19 16:00:00,56
1992-11-20 16:00:00,59
1992-11-21 16:00:00,65
1992-11-22 16:00:00,63
1992-11-23 16:00:00,65
1992-11-24 16:00:00,65
1992-11-25 16:00:00,65
1992-11-26 16:00:00,68
1992-11-27 16:00:00,68
1992-11-28 16:00:00,67
1992-11-29 16:00:00,75
1992-11-30 16:00:00,82
1992-12-01 16:00:00,84
1992-12-02 16:00:00,82
1992-12-03 16:00:00,82
1992-12-04 16:00:00,83
1992-12-05 16:00:00,83
1992-12-06 16:00:00,84
1992-12-07 16:00:00,89
1992-12-08 16:00:00,91
1992-12-09 16:00:00,90
1992-12-10 16:00:00,101
1992-12-11 16:00:00,104
1992-12-12 16:00:00,102
1992-12-13 16:00:00,112
1992-12-14 16:00:00,116
1992-12-15 16:00:00,116
1992-12-16 16:00:00,118
1992-12-17 16:00:00,121
1992-12-18 16:00:00,119
1992-12-19 16:00:00,125
1992-12-20 16:00:00,132
1992-12-21 16:00:00,139
1992-12-22 16:00:00,142
1992-12-23 16:00:00,159
1992-12-24 16:00:00,164
1992-12-25 16:00:00,175
1992-12-26 16:00:00,182
1992-12-27 16:00:00,186
1992-12-28 16:00:00,190
1992-12-29 16:00:00,188
1992-12-30 16:00:00,186
1992-12-31 16:00:00,189
1993-01-01 16:00:00,187
1993-01-02 16:00:00,187
1993-01-03 16:00:00,188
1993-01-04 16:00:00,188
1993-01-05 16:00:00,188
1993-01-06 16:00:00,188
1993-01-07 16:00:00,185
1993-01-08 16:00:00,186
1993-01-09 16:00:00,189
1993-01-10 16:00:00,183
1993-01-11 16:00:00,181
1993-01-12 16:00:00,183
1993-01-13 16:00:00,183
1993-01-14 16:00:00,181
1993-01-15 16:00:00,181
1993-01-16 16:00:00,181
1993-01-17 16:00:00,182
1993-01-18 16:00:00,182
1993-01-19 16:00:00,193
1993-01-20 16:00:00,202
1993-01-21 16:00:00,209
1993-01-22 16:00:00,205
1993-01-23 16:00:00,209
1993-01-24 16:00:00,220
1993-01-25 16:00:00,224
1993-01-26 16:00:00,236
1993-01-27 16:00:00,239
1993-01-28 16:00:00,237
1993-01-29 16:00:00,238
1993-01-30 16:00:00,239
1993-01-31 16:00:00,242
1993-02-01 16:00:00,238
1993-02-02 16:00:00,238
1993-02-03 16:00:00,237
1993-02-04 16:00:00,238
1993-02-05 16:00:00,237
1993-02-06 16:00:00,238
1993-02-07 16:00:00,241
1993-02-08 16:00:00,238
1993-02-09 16:00:00,238
1993-02-10 16:00:00,242
1993-02-11 16:00:00,241
1993-02-12 16:00:00,239
1993-02-13 16:00:00,249
1993-02-14 16:00:00,250
1993-02-15 16:00:00,250
1993-02-16 16:00:00,249
1993-02-17 16:00:00,251
1993-02-18 16:00:00,256
1993-02-19 16:00:00,259
1993-02-20 16:00:00,259
1993-02-21 16:00:00,256
1993-02-22 16:00:00,258
1993-02-23 16:00:00,261
1993-02-24 16:00:00,257
1993-02-25 16:00:00,257
1993-02-26 16:00:00,254
1993-02-27 16:00:00,256
1993-02-28 16:00:00,258
1993-03-01 16:00:00,254
1993-03-02 16:00:00,257
1993-03-03 16:00:00,259
1993-03-04 16:00:00,263
1993-03-05 16:00:00,271
1993-03-06 16:00:00,274
1993-03-07 16:00:00,279
1993-03-08 16:00:00,282
1993-03-09 16:00:00,284
1993-03-10 16:00:00,285
1993-03-11 16:00:00,286
1993-03-12 16:00:00,290
1993-03-13 16:00:00,294
1993-03-14 16:00:00,299
1993-03-15 16:00:00,304
1993-03-16 16:00:00,317
1993-03-17 16:00:00,320
1993-03-18 16:00:00,320
1993-03-19 16:00:00,320
1993-03-20 16:00:00,321
1993-03-21 16:00:00,320
1993-03-22 16:00:00,333
1993-03-23 16:00:00,340
1993-03-24 16:00:00,345
1993-03-25 16:00:00,351
1993-03-26 16:00:00,351
1993-03-27 16:00:00,358
1993-03-28 16:00:00,360
1993-03-29 16:00:00,358
1993-03-30 16:00:00,357
1993-03-31 16:00:00,366
1993-04-01 16:00:00,360
1993-04-02 16:00:00,364
1993-04-03 16:00:00,374
1993-04-04 16:00:00,377
1993-04-05 16:00:00,381
1993-04-06 16:00:00,382
1993-04-07 16:00:00,387
1993-04-08 16:00:00,394
1993-04-09 16:00:00,396
1993-04-10 16:00:00,402
1993-04-11 16:00:00,403
1993-04-12 16:00:00,406
1993-04-13 16:00:00,406
1993-04-14 16:00:00,410
1993-04-15 16:00:00,405
1993-04-16 16:00:00,410
1993-04-17 16:00:00,414
1993-04-18 16:00:00,413
1993-04-19 16:00:00,420
1993-04-20 16:00:00,428
1993-04-21 16:00:00,431
1993-04-22 16:00:00,429
1993-04-23 16:00:00,442
1993-04-24 16:00:00,450
1993-04-25 16:00:00,460
1993-04-26 16:00:00,457
1993-04-27 16:00:00,462
1993-04-28 16:00:00,471
1993-04-29 16:00:00,467
1993-04-30 16:00:00,476
1993-05-01 16:00:00,481
1993-05-02 16:00:00,491
1993-05-03 16:00:00,470
1993-05-04 16:00:00,480
1993-05-05 16:00:00,492
1993-05-06 16:00:00,489
1993-05-07 16:00:00,480
1993-05-08 16:00:00,480
1993-05-09 16:00:00,475
1993-05-10 16:00:00,462
1993-05-11 16:00:00,445
1993-05-12 16:00:00,421
1993-05-13 16:00:00,399
1993-05-14 16:00:00,373
1993-05-15 16:00:00,357
1993-05-16 16:00:00,341
1993-05-17 16:00:00,324
1993-05-18 16:00:00,305
1993-05-19 16:00:00,286
1993-05-20 16:00:00,279
1993-05-21 16:00:00,274
1993-05-22 16:00:00,279
1993-05-23 16:00:00,269
1993-05-24 16:00:00,258
1993-05-25 16:00:00,238
1993-05-26 16:00:00,218
1993-05-27 16:00:00,197
1993-05-28 16:00:00,181
1993-05-29 16:00:00,167
1993-05-30 16:00:00,146
1993-05-31 16:00:00,124
1993-06-01 16:00:00,112
1993-06-02 16:00:00,94
1993-06-03 16:00:00,69
1993-06-04 16:00:00,42
1993-06-05 16:00:00,20
1993-06-06 16:00:00,8
1993-06-07 16:00:00,0
1993-06-08 16:00:00,0
1993-06-09 16:00:00,0
1993-06-10 16:00:00,0
1993-06-11 16:00:00,0
1993-06-12 16:00:00,0
1993-06-13 16:00:00,0
1993-06-14 16:00:00,0
1993-06-15 16:00:00,0
1993-06-16 16:00:00,0
1993-06-17 16:00:00,0
1993-06-18 16:00:00,0
1993-06-19 16:00:00,0
1993-06-20 16:00:00,0
1993-06-21 16:00:00,0
1993-06-22 16:00:00,0
1993-06-23 16:00:00,0
1993-06-24 16:00:00,0
1993-06-25 16:00:00,0
1993-06-26 16:00:00,0
1993-06-27 16:00:00,0
1993-06-28 16:00:00,0
1993-06-29 16:00:00,0
1993-06-30 16:00:00,0
1993-07-01 16:00:00,0
1993-07-02 16:00:00,0
1993-07-03 16:00:00,0
1993-07-04 16:00:00,0
1993-07-05 16:00:00,0
1993-07-06 16:00:00,0
1993-07-07 16:00:00,0
1993-07-08 16:00:00,0
1993-07-09 16:00:00,0
1993-07-10 16:00:00,0
1993-07-11 16:00:00,0
1993-07-12 16:00:00,0
1993-07-13 16:00:00,0
1993-07-14 16:00:00,0
1993-07-15 16:00:00,0
1993-07-16 16:00:00,0
1993-07-17 16:00:00,0
1993-07-18 16:00:00,0
1993-07-19 16:00:00,0
1993-07-20 16:00:00,0
1993-07-21 16:00:00,0
1993-07-22 16:00:00,0
1993-07-23 16:00:00,0
1993-07-24 16:00:00,0
1993-07-25 16:00:00,0
1993-07-26 16:00:00,0
1993-07-27 16:00:00,0
1993-07-28 16:00:00,0
1993-07-29 16:00:00,0
1993-07-30 16:00:00,0
1993-07-31 16:00:00,0
1993-08-01 16:00:00,0
1993-08-02 16:00:00,0
1993-08-03 16:00:00,0
1993-08-04 16:00:00,0
1993-08-05 16:00:00,0
1993-08-06 16:00:00,0
1993-08-07 16:00:00,0
1993-08-08 16:00:00,0
1993-08-09 16:00:00,0
1993-08-10 16:00:00,0
1993-08-11 16:00:00,0
1993-08-12 16:00:00,0
1993-08-13 16:00:00,0
1993-08-14 16:00:00,0
1993-08-15 16:00:00,0
1993-08-16 16:00:00,0
1993-08-17 16:00:00,0
1993-08-18 16:00:00,0
1993-08-19 16:00:00,0
1993-08-20 16:00:00,0
1993-08-21 16:00:00,0
1993-08-22 16:00:00,0
1993-08-23 16:00:00,0
1993-08-24 16:00:00,0
1993-08-25 16:00:00,0
1993-08-26 16:00:00,0
1993-08-27 16:00:00,0
1993-08-28 16:00:00,0
1993-08-29 16:00:00,0
1993-08-30 16:00:00,0
1993-08-31 16:00:00,0
1993-09-01 16:00:00,0
1993-09-02 16:00:00,0
1993-09-03 16:00:00,0
1993-09-04 16:00:00,0
1993-09-05 16:00:00,0
1993-09-06 16:00:00,0
1993-09-07 16:00:00,0
1993-09-08 16:00:00,0
1993-09-09 16:00:00,0
1993-09-10 16:00:00,0
1993-09-11 16:00:00,0
1993-09-12 16:00:00,0
1993-09-13 16:00:00,0
1993-09-14 16:00:00,0
1993-09-15 16:00:00,0
1993-09-16 16:00:00,0
1993-09-17 16:00:00,0
1993-09-18 16:00:00,0
1993-09-19 16:00:00,0
1993-09-20 16:00:00,0
1993-09-21 16:00:00,0
1993-09-22 16:00:00,0
1993-09-23 16:00:00,0
1993-09-24 16:00:00,0
1993-09-25 16:00:00,0
1993-09-26 16:00:00,0
1993-09-27 16:00:00,0
1993-09-28 16:00:00,0
1993-09-29 16:00:00,0
1993-09-30 16:00:00,0
1993-09-30 16:00:01,NaN
1995-10-01 15:59:59,NaN
1995-10-01 16:00:00,23
1995-10-02 16:00:00,23
1995-10-03 16:00:00,23
1995-10-04 16:00:00,26
1995-10-05 16:00:00,26
1995-10-06 16:00:00,26
1995-10-07 16:00:00,26
1995-10-08 16:00:00,34
1995-10-09 16:00:00,53
1995-10-10 16:00:00,64
1995-10-11 16:00:00,79
1995-10-12 16:00:00,83
1995-10-13 16:00:00,83
1995-10-14 16:00:00,86
1995-10-15 16:00:00,90
1995-10-16 16:00:00,94
1995-10-17 16:00:00,98
1995-10-18 16:00:00,98
1995-10-19 16:00:00,98
1995-10-20 16:00:00,105
1995-10-21 16:00:00,101
1995-10-22 16:00:00,105
1995-10-23 16:00:00,105
1995-10-24 16:00:00,109
1995-10-25 16:00:00,116
1995-10-26 16:00:00,120
1995-10-27 16:00:00,120
1995-10-28 16:00:00,120
1995-10-29 16:00:00,120
1995-10-30 16:00:00,120
1995-10-31 16:00:00,120
1995-11-01 16:00:00,120
1995-11-02 16:00:00,120
1995-11-03 16:00:00,120
1995-11-04 16:00:00,128
1995-11-05 16:00:00,131
1995-11-06 16:00:00,131
1995-11-07 16:00:00,158
1995-11-08 16:00:00,188
1995-11-09 16:00:00,188
1995-11-10 16:00:00,203
1995-11-11 16:00:00,210
1995-11-12 16:00:00,210
1995-11-13 16:00:00,229
1995-11-14 16:00:00,233
1995-11-15 16:00:00,236
1995-11-16 16:00:00,240
1995-11-17 16:00:00,259
1995-11-18 16:00:00,263
1995-11-19 16:00:00,266
1995-11-20 16:00:00,263
1995-11-21 16:00:00,263
1995-11-22 16:00:00,274
1995-11-23 16:00:00,293
1995-11-24 16:00:00,315
1995-11-25 16:00:00,319
1995-11-26 16:00:00,323
1995-11-27 16:00:00,330
1995-11-28 16:00:00,353
1995-11-29 16:00:00,390
1995-11-30 16:00:00,397
1995-12-01 16:00:00,405
1995-12-02 16:00:00,413
1995-12-03 16:00:00,435
1995-12-04 16:00:00,446
1995-12-05 16:00:00,446
1995-12-06 16:00:00,450
1995-12-07 16:00:00,450
1995-12-08 16:00:00,450
1995-12-09 16:00:00,461
1995-12-10 16:00:00,473
1995-12-11 16:00:00,480
1995-12-12 16:00:00,487
1995-12-13 16:00:00,495
1995-12-14 16:00:00,499
1995-12-15 16:00:00,503
1995-12-16 16:00:00,503
1995-12-17 16:00:00,503
1995-12-18 16:00:00,506
1995-12-19 16:00:00,510
1995-12-20 16:00:00,510
1995-12-21 16:00:00,510
1995-12-22 16:00:00,510
1995-12-23 16:00:00,510
1995-12-24 16:00:00,510
1995-12-25 16:00:00,510
1995-12-26 16:00:00,510
1995-12-27 16:00:00,510
1995-12-28 16:00:00,510
1995-12-29 16:00:00,510
1995-12-30 16:00:00,503
1995-12-31 16:00:00,503
1996-01-01 16:00:00,510
1996-01-02 16:00:00,529
1996-01-03 16:00:00,536
1996-01-04 16:00:00,536
1996-01-05 16:00:00,536
1996-01-06 16:00:00,540
1996-01-07 16:00:00,544
1996-01-08 16:00:00,548
1996-01-09 16:00:00,548
1996-01-10 16:00:00,551
1996-01-11 16:00:00,555
1996-01-12 16:00:00,566
1996-01-13 16:00:00,589
1996-01-14 16:00:00,615
1996-01-15 16:00:00,634
1996-01-16 16:00:00,630
1996-01-17 16:00:00,634
1996-01-18 16:00:00,638
1996-01-19 16:00:00,634
1996-01-20 16:00:00,634
1996-01-21 16:00:00,634
1996-01-22 16:00:00,638
1996-01-23 16:00:00,638
1996-01-24 16:00:00,638
1996-01-25 16:00:00,634
1996-01-26 16:00:00,638
1996-01-27 16:00:00,638
1996-01-28 16:00:00,634
1996-01-29 16:00:00,634
1996-01-30 16:00:00,634
1996-01-31 16:00:00,634
1996-02-01 16:00:00,634
1996-02-02 16:00:00,630
1996-02-03 16:00:00,630
1996-02-04 16:00:00,634
1996-02-05 16:00:00,645
1996-02-06 16:00:00,656
1996-02-07 16:00:00,664
1996-02-08 16:00:00,671
1996-02-09 16:00:00,668
1996-02-10 16:00:00,671
1996-02-11 16:00:00,675
1996-02-12 16:00:00,679
1996-02-13 16:00:00,675
1996-02-14 16:00:00,671
1996-02-15 16:00:00,675
1996-02-16 16:00:00,675
1996-02-17 16:00:00,679
1996-02-18 16:00:00,683
1996-02-19 16:00:00,683
1996-02-20 16:00:00,686
1996-02-21 16:00:00,701
1996-02-22 16:00:00,713
1996-02-23 16:00:00,709
1996-02-24 16:00:00,713
1996-02-25 16:00:00,720
1996-02-26 16:00:00,713
1996-02-27 16:00:00,713
1996-02-28 16:00:00,716
1996-02-29 16:00:00,716
1996-03-01 16:00:00,720
1996-03-02 16:00:00,724
1996-03-03 16:00:00,731
1996-03-04 16:00:00,731
1996-03-05 16:00:00,728
1996-03-06 16:00:00,728
1996-03-07 16:00:00,728
1996-03-08 16:00:00,735
1996-03-09 16:00:00,731
1996-03-10 16:00:00,731
1996-03-11 16:00:00,735
1996-03-12 16:00:00,728
1996-03-13 16:00:00,731
1996-03-14 16:00:00,746
1996-03-15 16:00:00,743
1996-03-16 16:00:00,743
1996-03-17 16:00:00,743
1996-03-18 16:00:00,754
1996-03-19 16:00:00,750
1996-03-20 16:00:00,758
1996-03-21 16:00:00,761
1996-03-22 16:00:00,761
1996-03-23 16:00:00,761
1996-03-24 16:00:00,769
1996-03-25 16:00:00,773
1996-03-26 16:00:00,769
1996-03-27 16:00:00,776
1996-03-28 16:00:00,773
1996-03-29 16:00:00,776
1996-03-30 16:00:00,780
1996-03-31 16:00:00,795
1996-04-01 16:00:00,799
1996-04-02 16:00:00,795
1996-04-03 16:00:00,795
1996-04-04 16:00:00,799
1996-04-05 16:00:00,803
1996-04-06 16:00:00,806
1996-04-07 16:00:00,806
1996-04-08 16:00:00,806
1996-04-09 16:00:00,806
1996-04-10 16:00:00,810
1996-04-11 16:00:00,818
1996-04-12 16:00:00,821
1996-04-13 16:00:00,829
1996-04-14 16:00:00,836
1996-04-15 16:00:00,848
1996-04-16 16:00:00,844
1996-04-17 16:00:00,848
1996-04-18 16:00:00,848
1996-04-19 16:00:00,859
1996-04-20 16:00:00,859
1996-04-21 16:00:00,866
1996-04-22 16:00:00,870
1996-04-23 16:00:00,904
1996-04-24 16:00:00,908
1996-04-25 16:00:00,919
1996-04-26 16:00:00,923
1996-04-27 16:00:00,923
1996-04-28 16:00:00,930
1996-04-29 16:00:00,930
1996-04-30 16:00:00,930
1996-05-01 16:00:00,934
1996-05-02 16:00:00,945
1996-05-03 16:00:00,949
1996-05-04 16:00:00,953
1996-05-05 16:00:00,953
1996-05-06 16:00:00,968
1996-05-07 16:00:00,990
1996-05-08 16:00:00,994
1996-05-09 16:00:00,1009.0000000000001
1996-05-10 16:00:00,1016
1996-05-11 16:00:00,1024
1996-05-12 16:00:00,1035
1996-05-13 16:00:00,1035
1996-05-14 16:00:00,1028
1996-05-15 16:00:00,1035
1996-05-16 16:00:00,1035
1996-05-17 16:00:00,1035
1996-05-18 16:00:00,1035
1996-05-19 16:00:00,1035
1996-05-20 16:00:00,1039
1996-05-21 16:00:00,1039
1996-05-22 16:00:00,1028
1996-05-23 16:00:00,1028
1996-05-24 16:00:00,1028
1996-05-25 16:00:00,1020
1996-05-26 16:00:00,1001.0000000000001
1996-05-27 16:00:00,994
1996-05-28 16:00:00,986
1996-05-29 16:00:00,979
1996-05-30 16:00:00,979
1996-05-31 16:00:00,971
1996-06-01 16:00:00,971
1996-06-02 16:00:00,971
1996-06-03 16:00:00,964
1996-06-04 16:00:00,941
1996-06-05 16:00:00,919
1996-06-06 16:00:00,908
1996-06-07 16:00:00,877
1996-06-08 16:00:00,844
1996-06-09 16:00:00,814
1996-06-10 16:00:00,787
1996-06-11 16:00:00,773
1996-06-12 16:00:00,758
1996-06-13 16:00:00,735
1996-06-14 16:00:00,713
1996-06-15 16:00:00,683
1996-06-16 16:00:00,664
1996-06-17 16:00:00,671
1996-06-18 16:00:00,683
1996-06-19 16:00:00,690
1996-06-20 16:00:00,683
1996-06-21 16:00:00,683
1996-06-22 16:00:00,675
1996-06-23 16:00:00,668
1996-06-24 16:00:00,664
1996-06-25 16:00:00,656
1996-06-26 16:00:00,638
1996-06-27 16:00:00,619
1996-06-28 16:00:00,593
1996-06-29 16:00:00,570
1996-06-30 16:00:00,544
1996-07-01 16:00:00,518
1996-07-02 16:00:00,495
1996-07-03 16:00:00,450
1996-07-04 16:00:00,424
1996-07-05 16:00:00,413
1996-07-06 16:00:00,394
1996-07-07 16:00:00,360
1996-07-08 16:00:00,323
1996-07-09 16:00:00,281
1996-07-10 16:00:00,263
1996-07-11 16:00:00,229
1996-07-12 16:00:00,191
1996-07-13 16:00:00,150
1996-07-14 16:00:00,105
1996-07-15 16:00:00,56
1996-07-16 16:00:00,26
1996-07-17 16:00:00,0
1996-07-18 16:00:00,0
1996-07-19 16:00:00,0
1996-07-20 16:00:00,0
1996-07-21 16:00:00,0
1996-07-22 16:00:00,0
1996-07-23 16:00:00,0
1996-07-24 16:00:00,0
1996-07-25 16:00:00,0
1996-07-26 16:00:00,0
1996-07-27 16:00:00,0
1996-07-28 16:00:00,0
1996-07-29 16:00:00,0
1996-07-30 16:00:00,0
1996-07-31 16:00:00,0
1996-08-01 16:00:00,0
1996-08-02 16:00:00,0
1996-08-03 16:00:00,0
1996-08-04 16:00:00,0
1996-08-05 16:00:00,0
1996-08-06 16:00:00,0
1996-08-07 16:00:00,0
1996-08-08 16:00:00,0
1996-08-09 16:00:00,0
1996-08-10 16:00:00,0
1996-08-11 16:00:00,0
1996-08-12 16:00:00,0
1996-08-13 16:00:00,0
1996-08-14 16:00:00,0
1996-08-15 16:00:00,0
1996-08-16 16:00:00,0
1996-08-17 16:00:00,0
1996-08-18 16:00:00,0
1996-08-19 16:00:00,0
1996-08-20 16:00:00,0
1996-08-21 16:00:00,0
1996-08-22 16:00:00,0
1996-08-23 16:00:00,0
1996-08-24 16:00:00,0
1996-08-25 16:00:00,0
1996-08-26 16:00:00,0
1996-08-27 16:00:00,0
1996-08-28 16:00:00,0
1996-08-29 16:00:00,0
1996-08-30 16:00:00,0
1996-08-31 16:00:00,0
1996-09-01 16:00:00,0
1996-09-02 16:00:00,0
1996-09-03 16:00:00,0
1996-09-04 16:00:00,0
1996-09-05 16:00:00,0
1996-09-06 16:00:00,0
1996-09-07 16:00:00,0
1996-09-08 16:00:00,0
1996-09-09 16:00:00,0
1996-09-10 16:00:00,0
1996-09-11 16:00:00,0
1996-09-12 16:00:00,0
1996-09-13 16:00:00,0
1996-09-14 16:00:00,0
1996-09-15 16:00:00,0
1996-09-16 16:00:00,0
1996-09-17 16:00:00,0
1996-09-18 16:00:00,0
1996-09-19 16:00:00,0
1996-09-20 16:00:00,0
1996-09-21 16:00:00,0
1996-09-22 16:00:00,0
1996-09-23 16:00:00,0
1996-09-24 16:00:00,0
1996-09-25 16:00:00,0
1996-09-26 16:00:00,0
1996-09-27 16:00:00,0
1996-09-28 16:00:00,0
1996-09-29 16:00:00,0
1996-09-30 16:00:00,0
1996-10-01 16:00:00,0
1996-10-02 16:00:00,0
1996-10-03 16:00:00,0
1996-10-04 16:00:00,0
1996-10-05 16:00:00,0
1996-10-06 16:00:00,0
1996-10-07 16:00:00,0
1996-10-08 16:00:00,0
1996-10-09 16:00:00,0
1996-10-10 16:00:00,4
1996-10-11 16:00:00,4
1996-10-12 16:00:00,4
1996-10-13 16:00:00,11
1996-10-14 16:00:00,23
1996-10-15 16:00:00,30
1996-10-16 16:00:00,30
1996-10-17 16:00:00,38
1996-10-18 16:00:00,41
1996-10-19 16:00:00,41
1996-10-20 16:00:00,41
1996-10-21 16:00:00,45
1996-10-22 16:00:00,49
1996-10-23 16:00:00,53
1996-10-24 16:00:00,56
1996-10-25 16:00:00,56
1996-10-26 16:00:00,60
1996-10-27 16:00:00,60
1996-10-28 16:00:00,79
1996-10-29 16:00:00,75
1996-10-30 16:00:00,75
1996-10-31 16:00:00,75
1996-11-01 16:00:00,75
1996-11-02 16:00:00,83
1996-11-03 16:00:00,86
1996-11-04 16:00:00,90
1996-11-05 16:00:00,90
1996-11-06 16:00:00,101
1996-11-07 16:00:00,105
1996-11-08 16:00:00,116
1996-11-09 16:00:00,116
1996-11-10 16:00:00,128
1996-11-11 16:00:00,128
1996-11-12 16:00:00,131
1996-11-13 16:00:00,165
1996-11-14 16:00:00,169
1996-11-15 16:00:00,165
1996-11-16 16:00:00,173
1996-11-17 16:00:00,188
1996-11-18 16:00:00,188
1996-11-19 16:00:00,188
1996-11-20 16:00:00,188
1996-11-21 16:00:00,195
1996-11-22 16:00:00,195
1996-11-23 16:00:00,195
1996-11-24 16:00:00,195
1996-11-25 16:00:00,195
1996-11-26 16:00:00,203
1996-11-27 16:00:00,214
1996-11-28 16:00:00,218
1996-11-29 16:00:00,218
1996-11-30 16:00:00,225
1996-12-01 16:00:00,236
1996-12-02 16:00:00,240
1996-12-03 16:00:00,236
1996-12-04 16:00:00,244
1996-12-05 16:00:00,244
1996-12-06 16:00:00,244
1996-12-07 16:00:00,255
1996-12-08 16:00:00,270
1996-12-09 16:00:00,270
1996-12-10 16:00:00,281
1996-12-11 16:00:00,281
1996-12-12 16:00:00,281
1996-12-13 16:00:00,281
1996-12-14 16:00:00,285
1996-12-15 16:00:00,296
1996-12-16 16:00:00,296
1996-12-17 16:00:00,293
1996-12-18 16:00:00,300
1996-12-19 16:00:00,304
1996-12-20 16:00:00,308
1996-12-21 16:00:00,308
1996-12-22 16:00:00,308
1996-12-23 16:00:00,311
1996-12-24 16:00:00,315
1996-12-25 16:00:00,311
1996-12-26 16:00:00,315
1996-12-27 16:00:00,315
1996-12-28 16:00:00,319
1996-12-29 16:00:00,338
1996-12-30 16:00:00,368
1996-12-31 16:00:00,405
1997-01-01 16:00:00,424
1997-01-02 16:00:00,431
1997-01-03 16:00:00,439
1997-01-04 16:00:00,446
1997-01-05 16:00:00,446
1997-01-06 16:00:00,446
1997-01-07 16:00:00,461
1997-01-08 16:00:00,473
1997-01-09 16:00:00,473
1997-01-10 16:00:00,473
1997-01-11 16:00:00,473
1997-01-12 16:00:00,473
1997-01-13 16:00:00,473
1997-01-14 16:00:00,473
1997-01-15 16:00:00,473
1997-01-16 16:00:00,473
1997-01-17 16:00:00,476
1997-01-18 16:00:00,487
1997-01-19 16:00:00,503
1997-01-20 16:00:00,510
1997-01-21 16:00:00,525
1997-01-22 16:00:00,533
1997-01-23 16:00:00,540
1997-01-24 16:00:00,548
1997-01-25 16:00:00,548
1997-01-26 16:00:00,548
1997-01-27 16:00:00,548
1997-01-28 16:00:00,548
1997-01-29 16:00:00,570
1997-01-30 16:00:00,570
1997-01-31 16:00:00,574
1997-02-01 16:00:00,574
1997-02-02 16:00:00,578
1997-02-03 16:00:00,578
1997-02-04 16:00:00,578
1997-02-05 16:00:00,578
1997-02-06 16:00:00,578
1997-02-07 16:00:00,578
1997-02-08 16:00:00,578
1997-02-09 16:00:00,578
1997-02-10 16:00:00,578
1997-02-11 16:00:00,585
1997-02-12 16:00:00,585
1997-02-13 16:00:00,593
1997-02-14 16:00:00,600
1997-02-15 16:00:00,608
1997-02-16 16:00:00,615
1997-02-17 16:00:00,615
1997-02-18 16:00:00,630
1997-02-19 16:00:00,630
1997-02-20 16:00:00,638
1997-02-21 16:00:00,641
1997-02-22 16:00:00,641
1997-02-23 16:00:00,641
1997-02-24 16:00:00,653
1997-02-25 16:00:00,656
1997-02-26 16:00:00,660
1997-02-27 16:00:00,660
1997-02-28 16:00:00,660
1997-03-01 16:00:00,664
1997-03-02 16:00:00,664
1997-03-03 16:00:00,668
1997-03-04 16:00:00,671
1997-03-05 16:00:00,675
1997-03-06 16:00:00,683
1997-03-07 16:00:00,686
1997-03-08 16:00:00,698
1997-03-09 16:00:00,705
1997-03-10 16:00:00,705
1997-03-11 16:00:00,709
1997-03-12 16:00:00,709
1997-03-13 16:00:00,713
1997-03-14 16:00:00,720
1997-03-15 16:00:00,728
1997-03-16 16:00:00,728
1997-03-17 16:00:00,728
1997-03-18 16:00:00,758
1997-03-19 16:00:00,795
1997-03-20 16:00:00,803
1997-03-21 16:00:00,810
1997-03-22 16:00:00,818
1997-03-23 16:00:00,818
1997-03-24 16:00:00,818
1997-03-25 16:00:00,825
1997-03-26 16:00:00,829
1997-03-27 16:00:00,833
1997-03-28 16:00:00,833
1997-03-29 16:00:00,836
1997-03-30 16:00:00,840
1997-03-31 16:00:00,840
1997-04-01 16:00:00,840
1997-04-02 16:00:00,851
1997-04-03 16:00:00,848
1997-04-04 16:00:00,848
1997-04-05 16:00:00,848
1997-04-06 16:00:00,848
1997-04-07 16:00:00,848
1997-04-08 16:00:00,848
1997-04-09 16:00:00,848
1997-04-10 16:00:00,848
1997-04-11 16:00:00,848
1997-04-12 16:00:00,848
1997-04-13 16:00:00,848
1997-04-14 16:00:00,851
1997-04-15 16:00:00,851
1997-04-16 16:00:00,863
1997-04-17 16:00:00,874
1997-04-18 16:00:00,874
1997-04-19 16:00:00,893
1997-04-20 16:00:00,896
1997-04-21 16:00:00,904
1997-04-22 16:00:00,911
1997-04-23 16:00:00,911
1997-04-24 16:00:00,911
1997-04-25 16:00:00,911
1997-04-26 16:00:00,926
1997-04-27 16:00:00,926
1997-04-28 16:00:00,926
1997-04-29 16:00:00,930
1997-04-30 16:00:00,930
1997-05-01 16:00:00,934
1997-05-02 16:00:00,941
1997-05-03 16:00:00,941
1997-05-04 16:00:00,941
1997-05-05 16:00:00,949
1997-05-06 16:00:00,949
1997-05-07 16:00:00,949
1997-05-08 16:00:00,949
1997-05-09 16:00:00,949
1997-05-10 16:00:00,949
1997-05-11 16:00:00,949
1997-05-12 16:00:00,930
1997-05-13 16:00:00,908
1997-05-14 16:00:00,889
1997-05-15 16:00:00,866
1997-05-16 16:00:00,840
1997-05-17 16:00:00,825
1997-05-18 16:00:00,825
1997-05-19 16:00:00,825
1997-05-20 16:00:00,840
1997-05-21 16:00:00,840
1997-05-22 16:00:00,840
1997-05-23 16:00:00,840
1997-05-24 16:00:00,840
1997-05-25 16:00:00,840
1997-05-26 16:00:00,836
1997-05-27 16:00:00,825
1997-05-28 16:00:00,810
1997-05-29 16:00:00,787
1997-05-30 16:00:00,758
1997-05-31 16:00:00,720
1997-06-01 16:00:00,690
1997-06-02 16:00:00,675
1997-06-03 16:00:00,660
1997-06-04 16:00:00,649
1997-06-05 16:00:00,619
1997-06-06 16:00:00,600
1997-06-07 16:00:00,585
1997-06-08 16:00:00,570
1997-06-09 16:00:00,544
1997-06-10 16:00:00,518
1997-06-11 16:00:00,503
1997-06-12 16:00:00,473
1997-06-13 16:00:00,439
1997-06-14 16:00:00,405
1997-06-15 16:00:00,371
1997-06-16 16:00:00,349
1997-06-17 16:00:00,319
1997-06-18 16:00:00,304
1997-06-19 16:00:00,293
1997-06-20 16:00:00,285
1997-06-21 16:00:00,270
1997-06-22 16:00:00,270
1997-06-23 16:00:00,278
1997-06-24 16:00:00,274
1997-06-25 16:00:00,251
1997-06-26 16:00:00,244
1997-06-27 16:00:00,221
1997-06-28 16:00:00,195
1997-06-29 16:00:00,191
1997-06-30 16:00:00,173
1997-07-01 16:00:00,150
1997-07-02 16:00:00,128
1997-07-03 16:00:00,109
1997-07-04 16:00:00,64
1997-07-05 16:00:00,38
1997-07-06 16:00:00,26
1997-07-07 16:00:00,23
1997-07-08 16:00:00,23
1997-07-09 16:00:00,19
1997-07-10 16:00:00,0
1997-07-11 16:00:00,0
1997-07-12 16:00:00,0
1997-07-13 16:00:00,0
1997-07-14 16:00:00,0
1997-07-15 16:00:00,0
1997-07-16 16:00:00,0
1997-07-17 16:00:00,0
1997-07-18 16:00:00,0
1997-07-19 16:00:00,0
1997-07-20 16:00:00,0
1997-07-21 16:00:00,0
1997-07-22 16:00:00,0
1997-07-23 16:00:00,0
1997-07-24 16:00:00,0
1997-07-25 16:00:00,0
1997-07-26 16:00:00,0
1997-07-27 16:00:00,0
1997-07-28 16:00:00,0
1997-07-29 16:00:00,0
1997-07-30 16:00:00,0
1997-07-31 16:00:00,0
1997-08-01 16:00:00,0
1997-08-02 16:00:00,0
1997-08-03 16:00:00,0
1997-08-04 16:00:00,0
1997-08-05 16:00:00,0
1997-08-06 16:00:00,0
1997-08-07 16:00:00,0
1997-08-08 16:00:00,0
1997-08-09 16:00:00,0
1997-08-10 16:00:00,0
1997-08-11 16:00:00,0
1997-08-12 16:00:00,0
1997-08-13 16:00:00,0
1997-08-14 16:00:00,0
1997-08-15 16:00:00,0
1997-08-16 16:00:00,0
1997-08-17 16:00:00,0
1997-08-18 16:00:00,0
1997-08-19 16:00:00,0
1997-08-20 16:00:00,0
1997-08-21 16:00:00,0
1997-08-22 16:00:00,0
1997-08-23 16:00:00,0
1997-08-24 16:00:00,0
1997-08-25 16:00:00,0
1997-08-26 16:00:00,0
1997-08-27 16:00:00,0
1997-08-28 16:00:00,0
1997-08-29 16:00:00,0
1997-08-30 16:00:00,0
1997-08-31 16:00:00,0
1997-09-01 16:00:00,0
1997-09-02 16:00:00,0
1997-09-03 16:00:00,0
1997-09-04 16:00:00,0
1997-09-05 16:00:00,0
1997-09-06 16:00:00,0
1997-09-07 16:00:00,0
1997-09-08 16:00:00,0
1997-09-09 16:00:00,0
1997-09-10 16:00:00,0
1997-09-11 16:00:00,0
1997-09-12 16:00:00,0
1997-09-13 16:00:00,0
1997-09-14 16:00:00,0
1997-09-15 16:00:00,0
1997-09-16 16:00:00,0
1997-09-17 16:00:00,0
1997-09-18 16:00:00,0
1997-09-19 16:00:00,0
1997-09-20 16:00:00,0
1997-09-21 16:00:00,0
1997-09-22 16:00:00,0
1997-09-23 16:00:00,0
1997-09-24 16:00:00,0
1997-09-25 16:00:00,0
1997-09-26 16:00:00,0
1997-09-27 16:00:00,0
1997-09-28 16:00:00,0
1997-09-29 16:00:00,0
1997-09-30 16:00:00,0
1997-10-01 16:00:00,0
1997-10-02 16:00:00,0
1997-10-03 16:00:00,0
1997-10-04 16:00:00,11
1997-10-05 16:00:00,15
1997-10-06 16:00:00,15
1997-10-07 16:00:00,15
1997-10-08 16:00:00,23
1997-10-09 16:00:00,30
1997-10-10 16:00:00,34
1997-10-11 16:00:00,38
1997-10-12 16:00:00,38
1997-10-13 16:00:00,41
1997-10-14 16:00:00,41
1997-10-15 16:00:00,41
1997-10-16 16:00:00,41
1997-10-17 16:00:00,41
1997-10-18 16:00:00,41
1997-10-19 16:00:00,30
1997-10-20 16:00:00,30
1997-10-21 16:00:00,34
1997-10-22 16:00:00,34
1997-10-23 16:00:00,34
1997-10-24 16:00:00,38
1997-10-25 16:00:00,38
1997-10-26 16:00:00,41
1997-10-27 16:00:00,45
1997-10-28 16:00:00,45
1997-10-29 16:00:00,53
1997-10-30 16:00:00,60
1997-10-31 16:00:00,68
1997-11-01 16:00:00,71
1997-11-02 16:00:00,71
1997-11-03 16:00:00,83
1997-11-04 16:00:00,83
1997-11-05 16:00:00,86
1997-11-06 16:00:00,94
1997-11-07 16:00:00,94
1997-11-08 16:00:00,94
1997-11-09 16:00:00,94
1997-11-10 16:00:00,94
1997-11-11 16:00:00,94
1997-11-12 16:00:00,94
1997-11-13 16:00:00,98
1997-11-14 16:00:00,98
1997-11-15 16:00:00,98
1997-11-16 16:00:00,98
1997-11-17 16:00:00,109
1997-11-18 16:00:00,113
1997-11-19 16:00:00,113
1997-11-20 16:00:00,120
1997-11-21 16:00:00,124
1997-11-22 16:00:00,124
1997-11-23 16:00:00,128
1997-11-24 16:00:00,131
1997-11-25 16:00:00,135
1997-11-26 16:00:00,135
1997-11-27 16:00:00,146
1997-11-28 16:00:00,158
1997-11-29 16:00:00,165
1997-11-30 16:00:00,169
1997-12-01 16:00:00,169
1997-12-02 16:00:00,169
1997-12-03 16:00:00,169
1997-12-04 16:00:00,169
1997-12-05 16:00:00,169
1997-12-06 16:00:00,169
1997-12-07 16:00:00,169
1997-12-08 16:00:00,169
1997-12-09 16:00:00,169
1997-12-10 16:00:00,169
1997-12-11 16:00:00,169
1997-12-12 16:00:00,169
1997-12-13 16:00:00,169
1997-12-14 16:00:00,169
1997-12-15 16:00:00,173
1997-12-16 16:00:00,195
1997-12-17 16:00:00,206
1997-12-18 16:00:00,206
1997-12-19 16:00:00,206
1997-12-20 16:00:00,206
1997-12-21 16:00:00,206
1997-12-22 16:00:00,206
1997-12-23 16:00:00,206
1997-12-24 16:00:00,206
1997-12-25 16:00:00,206
1997-12-26 16:00:00,214
1997-12-27 16:00:00,218
1997-12-28 16:00:00,236
1997-12-29 16:00:00,244
1997-12-30 16:00:00,248
1997-12-31 16:00:00,259
1998-01-01 16:00:00,293
1998-01-02 16:00:00,296
1998-01-03 16:00:00,296
1998-01-04 16:00:00,300
1998-01-05 16:00:00,315
1998-01-06 16:00:00,334
1998-01-07 16:00:00,341
1998-01-08 16:00:00,345
1998-01-09 16:00:00,345
1998-01-10 16:00:00,345
1998-01-11 16:00:00,345
1998-01-12 16:00:00,345
1998-01-13 16:00:00,349
1998-01-14 16:00:00,356
1998-01-15 16:00:00,364
1998-01-16 16:00:00,368
1998-01-17 16:00:00,364
1998-01-18 16:00:00,371
1998-01-19 16:00:00,375
1998-01-20 16:00:00,383
1998-01-21 16:00:00,386
1998-01-22 16:00:00,386
1998-01-23 16:00:00,390
1998-01-24 16:00:00,390
1998-01-25 16:00:00,394
1998-01-26 16:00:00,397
1998-01-27 16:00:00,397
1998-01-28 16:00:00,397
1998-01-29 16:00:00,397
1998-01-30 16:00:00,401
1998-01-31 16:00:00,401
1998-02-01 16:00:00,401
1998-02-02 16:00:00,401
1998-02-03 16:00:00,401
1998-02-04 16:00:00,401
1998-02-05 16:00:00,405
1998-02-06 16:00:00,405
1998-02-07 16:00:00,409
1998-02-08 16:00:00,413
1998-02-09 16:00:00,413
1998-02-10 16:00:00,413
1998-02-11 16:00:00,416
1998-02-12 16:00:00,416
1998-02-13 16:00:00,420
1998-02-14 16:00:00,420
1998-02-15 16:00:00,420
1998-02-16 16:00:00,420
1998-02-17 16:00:00,420
1998-02-18 16:00:00,420
1998-02-19 16:00:00,424
1998-02-20 16:00:00,428
1998-02-21 16:00:00,431
1998-02-22 16:00:00,431
1998-02-23 16:00:00,435
1998-02-24 16:00:00,435
1998-02-25 16:00:00,435
1998-02-26 16:00:00,435
1998-02-27 16:00:00,435
1998-02-28 16:00:00,435
1998-03-01 16:00:00,435
1998-03-02 16:00:00,439
1998-03-03 16:00:00,446
1998-03-04 16:00:00,446
1998-03-05 16:00:00,446
1998-03-06 16:00:00,446
1998-03-07 16:00:00,446
1998-03-08 16:00:00,450
1998-03-09 16:00:00,458
1998-03-10 16:00:00,461
1998-03-11 16:00:00,461
1998-03-12 16:00:00,461
1998-03-13 16:00:00,465
1998-03-14 16:00:00,473
1998-03-15 16:00:00,480
1998-03-16 16:00:00,491
1998-03-17 16:00:00,495
1998-03-18 16:00:00,495
1998-03-19 16:00:00,495
1998-03-20 16:00:00,499
1998-03-21 16:00:00,503
1998-03-22 16:00:00,525
1998-03-23 16:00:00,533
1998-03-24 16:00:00,533
1998-03-25 16:00:00,536
1998-03-26 16:00:00,540
1998-03-27 16:00:00,544
1998-03-28 16:00:00,548
1998-03-29 16:00:00,548
1998-03-30 16:00:00,548
1998-03-31 16:00:00,551
1998-04-01 16:00:00,555
1998-04-02 16:00:00,555
1998-04-03 16:00:00,555
1998-04-04 16:00:00,559
1998-04-05 16:00:00,559
1998-04-06 16:00:00,559
1998-04-07 16:00:00,559
1998-04-08 16:00:00,570
1998-04-09 16:00:00,574
1998-04-10 16:00:00,581
1998-04-11 16:00:00,585
1998-04-12 16:00:00,585
1998-04-13 16:00:00,585
1998-04-14 16:00:00,589
1998-04-15 16:00:00,585
1998-04-16 16:00:00,585
1998-04-17 16:00:00,585
1998-04-18 16:00:00,589
1998-04-19 16:00:00,589
1998-04-20 16:00:00,585
1998-04-21 16:00:00,585
1998-04-22 16:00:00,593
1998-04-23 16:00:00,593
1998-04-24 16:00:00,593
1998-04-25 16:00:00,593
1998-04-26 16:00:00,585
1998-04-27 16:00:00,578
1998-04-28 16:00:00,566
1998-04-29 16:00:00,544
1998-04-30 16:00:00,540
1998-05-01 16:00:00,525
1998-05-02 16:00:00,506
1998-05-03 16:00:00,480
1998-05-04 16:00:00,465
1998-05-05 16:00:00,450
1998-05-06 16:00:00,435
1998-05-07 16:00:00,416
1998-05-08 16:00:00,405
1998-05-09 16:00:00,383
1998-05-10 16:00:00,368
1998-05-11 16:00:00,345
1998-05-12 16:00:00,330
1998-05-13 16:00:00,311
1998-05-14 16:00:00,308
1998-05-15 16:00:00,326
1998-05-16 16:00:00,323
1998-05-17 16:00:00,326
1998-05-18 16:00:00,323
1998-05-19 16:00:00,311
1998-05-20 16:00:00,300
1998-05-21 16:00:00,281
1998-05-22 16:00:00,266
1998-05-23 16:00:00,244
1998-05-24 16:00:00,229
1998-05-25 16:00:00,206
1998-05-26 16:00:00,188
1998-05-27 16:00:00,176
1998-05-28 16:00:00,169
1998-05-29 16:00:00,135
1998-05-30 16:00:00,120
1998-05-31 16:00:00,101
1998-06-01 16:00:00,94
1998-06-02 16:00:00,83
1998-06-03 16:00:00,71
1998-06-04 16:00:00,83
1998-06-05 16:00:00,86
1998-06-06 16:00:00,75
1998-06-07 16:00:00,64
1998-06-08 16:00:00,34
1998-06-09 16:00:00,15
1998-06-10 16:00:00,4
1998-06-11 16:00:00,0
1998-06-12 16:00:00,0
1998-06-13 16:00:00,0
1998-06-14 16:00:00,0
1998-06-15 16:00:00,0
1998-06-16 16:00:00,0
1998-06-17 16:00:00,0
1998-06-18 16:00:00,0
1998-06-19 16:00:00,0
1998-06-20 16:00:00,0
1998-06-21 16:00:00,0
1998-06-22 16:00:00,0
1998-06-23 16:00:00,0
1998-06-24 16:00:00,0
1998-06-25 16:00:00,0
1998-06-26 16:00:00,0
1998-06-27 16:00:00,0
1998-06-28 16:00:00,0
1998-06-29 16:00:00,0
1998-06-30 16:00:00,0
1998-07-01 16:00:00,0
1998-07-02 16:00:00,0
1998-07-03 16:00:00,0
1998-07-04 16:00:00,0
1998-07-05 16:00:00,0
1998-07-06 16:00:00,0
1998-07-07 16:00:00,0
1998-07-08 16:00:00,0
1998-07-09 16:00:00,0
1998-07-10 16:00:00,0
1998-07-11 16:00:00,0
1998-07-12 16:00:00,0
1998-07-13 16:00:00,0
1998-07-14 16:00:00,0
1998-07-15 16:00:00,0
1998-07-16 16:00:00,0
1998-07-17 16:00:00,0
1998-07-18 16:00:00,0
1998-07-19 16:00:00,0
1998-07-20 16:00:00,0
1998-07-21 16:00:00,0
1998-07-22 16:00:00,0
1998-07-23 16:00:00,0
1998-07-24 16:00:00,0
1998-07-25 16:00:00,0
1998-07-26 16:00:00,0
1998-07-27 16:00:00,0
1998-07-28 16:00:00,0
1998-07-29 16:00:00,0
1998-07-30 16:00:00,0
1998-07-31 16:00:00,0
1998-08-01 16:00:00,0
1998-08-02 16:00:00,0
1998-08-03 16:00:00,0
1998-08-04 16:00:00,0
1998-08-05 16:00:00,0
1998-08-06 16:00:00,0
1998-08-07 16:00:00,0
1998-08-08 16:00:00,0
1998-08-09 16:00:00,0
1998-08-10 16:00:00,0
1998-08-11 16:00:00,0
1998-08-12 16:00:00,0
1998-08-13 16:00:00,0
1998-08-14 16:00:00,0
1998-08-15 16:00:00,0
1998-08-16 16:00:00,0
1998-08-17 16:00:00,0
1998-08-18 16:00:00,0
1998-08-19 16:00:00,0
1998-08-20 16:00:00,0
1998-08-21 16:00:00,0
1998-08-22 16:00:00,0
1998-08-23 16:00:00,0
1998-08-24 16:00:00,0
1998-08-25 16:00:00,0
1998-08-26 16:00:00,0
1998-08-27 16:00:00,0
1998-08-28 16:00:00,0
1998-08-29 16:00:00,0
1998-08-30 16:00:00,0
1998-08-31 16:00:00,0
1998-09-01 16:00:00,0
1998-09-02 16:00:00,0
1998-09-03 16:00:00,0
1998-09-04 16:00:00,0
1998-09-05 16:00:00,0
1998-09-06 16:00:00,0
1998-09-07 16:00:00,0
1998-09-08 16:00:00,0
1998-09-09 16:00:00,0
1998-09-10 16:00:00,0
1998-09-11 16:00:00,0
1998-09-12 16:00:00,0
1998-09-13 16:00:00,0
1998-09-14 16:00:00,0
1998-09-15 16:00:00,0
1998-09-16 16:00:00,0
1998-09-17 16:00:00,0
1998-09-18 16:00:00,0
1998-09-19 16:00:00,0
1998-09-20 16:00:00,0
1998-09-21 16:00:00,0
1998-09-22 16:00:00,0
1998-09-23 16:00:00,0
1998-09-24 16:00:00,0
1998-09-25 16:00:00,0
1998-09-26 16:00:00,0
1998-09-27 16:00:00,0
1998-09-28 16:00:00,0
1998-09-29 16:00:00,0
1998-09-30 16:00:00,0
1998-10-01 16:00:00,0
1998-10-02 16:00:00,8
1998-10-03 16:00:00,8
1998-10-04 16:00:00,8
1998-10-05 16:00:00,0
1998-10-06 16:00:00,0
1998-10-07 16:00:00,0
1998-10-08 16:00:00,0
1998-10-09 16:00:00,8
1998-10-10 16:00:00,15
1998-10-11 16:00:00,15
1998-10-12 16:00:00,15
1998-10-13 16:00:00,23
1998-10-14 16:00:00,30
1998-10-15 16:00:00,38
1998-10-16 16:00:00,38
1998-10-17 16:00:00,41
1998-10-18 16:00:00,41
1998-10-19 16:00:00,41
1998-10-20 16:00:00,41
1998-10-21 16:00:00,41
1998-10-22 16:00:00,41
1998-10-23 16:00:00,41
1998-10-24 16:00:00,41
1998-10-25 16:00:00,45
1998-10-26 16:00:00,38
1998-10-27 16:00:00,49
1998-10-28 16:00:00,45
1998-10-29 16:00:00,45
1998-10-30 16:00:00,45
1998-10-31 16:00:00,45
1998-11-01 16:00:00,45
1998-11-02 16:00:00,49
1998-11-03 16:00:00,49
1998-11-04 16:00:00,49
1998-11-05 16:00:00,49
1998-11-06 16:00:00,53
1998-11-07 16:00:00,53
1998-11-08 16:00:00,53
1998-11-09 16:00:00,53
1998-11-10 16:00:00,53
1998-11-11 16:00:00,53
1998-11-12 16:00:00,83
1998-11-13 16:00:00,94
1998-11-14 16:00:00,98
1998-11-15 16:00:00,105
1998-11-16 16:00:00,105
1998-11-17 16:00:00,105
1998-11-18 16:00:00,109
1998-11-19 16:00:00,109
1998-11-20 16:00:00,135
1998-11-21 16:00:00,150
1998-11-22 16:00:00,150
1998-11-23 16:00:00,161
1998-11-24 16:00:00,180
1998-11-25 16:00:00,236
1998-11-26 16:00:00,251
1998-11-27 16:00:00,255
1998-11-28 16:00:00,255
1998-11-29 16:00:00,255
1998-11-30 16:00:00,259
1998-12-01 16:00:00,278
1998-12-02 16:00:00,281
1998-12-03 16:00:00,281
1998-12-04 16:00:00,281
1998-12-05 16:00:00,281
1998-12-06 16:00:00,281
1998-12-07 16:00:00,285
1998-12-08 16:00:00,285
1998-12-09 16:00:00,289
1998-12-10 16:00:00,293
1998-12-11 16:00:00,293
1998-12-12 16:00:00,323
1998-12-13 16:00:00,360
1998-12-14 16:00:00,360
1998-12-15 16:00:00,364
1998-12-16 16:00:00,375
1998-12-17 16:00:00,379
1998-12-18 16:00:00,379
1998-12-19 16:00:00,379
1998-12-20 16:00:00,379
1998-12-21 16:00:00,379
1998-12-22 16:00:00,375
1998-12-23 16:00:00,375
1998-12-24 16:00:00,383
1998-12-25 16:00:00,386
1998-12-26 16:00:00,394
1998-12-27 16:00:00,409
1998-12-28 16:00:00,424
1998-12-29 16:00:00,426
1998-12-30 16:00:00,428
1998-12-31 16:00:00,430
1999-01-01 16:00:00,438
1999-01-02 16:00:00,446
1999-01-03 16:00:00,454
1999-01-04 16:00:00,462
1999-01-05 16:00:00,470
1999-01-06 16:00:00,478
1999-01-07 16:00:00,486
1999-01-08 16:00:00,494
1999-01-09 16:00:00,502
1999-01-10 16:00:00,510
1999-01-11 16:00:00,524
1999-01-12 16:00:00,538
1999-01-13 16:00:00,552
1999-01-14 16:00:00,566
1999-01-15 16:00:00,580
1999-01-16 16:00:00,594
1999-01-17 16:00:00,608
1999-01-18 16:00:00,611
1999-01-19 16:00:00,615
1999-01-20 16:00:00,615
1999-01-21 16:00:00,619
1999-01-22 16:00:00,630
1999-01-23 16:00:00,630
1999-01-24 16:00:00,634
1999-01-25 16:00:00,634
1999-01-26 16:00:00,634
1999-01-27 16:00:00,641
1999-01-28 16:00:00,675
1999-01-29 16:00:00,709
1999-01-30 16:00:00,720
1999-01-31 16:00:00,731
1999-02-01 16:00:00,750
1999-02-02 16:00:00,754
1999-02-03 16:00:00,769
1999-02-04 16:00:00,773
1999-02-05 16:00:00,784
1999-02-06 16:00:00,799
1999-02-07 16:00:00,803
1999-02-08 16:00:00,814
1999-02-09 16:00:00,810
1999-02-10 16:00:00,810
1999-02-11 16:00:00,814
1999-02-12 16:00:00,818
1999-02-13 16:00:00,818
1999-02-14 16:00:00,818
1999-02-15 16:00:00,821
1999-02-16 16:00:00,825
1999-02-17 16:00:00,825
1999-02-18 16:00:00,825
1999-02-19 16:00:00,825
1999-02-20 16:00:00,836
1999-02-21 16:00:00,836
1999-02-22 16:00:00,840
1999-02-23 16:00:00,848
1999-02-24 16:00:00,874
1999-02-25 16:00:00,877
1999-02-26 16:00:00,885
1999-02-27 16:00:00,889
1999-02-28 16:00:00,889
1999-03-01 16:00:00,893
1999-03-02 16:00:00,908
1999-03-03 16:00:00,904
1999-03-04 16:00:00,904
1999-03-05 16:00:00,911
1999-03-06 16:00:00,915
1999-03-07 16:00:00,915
1999-03-08 16:00:00,915
1999-03-09 16:00:00,911
1999-03-10 16:00:00,915
1999-03-11 16:00:00,915
1999-03-12 16:00:00,915
1999-03-13 16:00:00,930
1999-03-14 16:00:00,949
1999-03-15 16:00:00,949
1999-03-16 16:00:00,949
1999-03-17 16:00:00,949
1999-03-18 16:00:00,949
1999-03-19 16:00:00,953
1999-03-20 16:00:00,960
1999-03-21 16:00:00,949
1999-03-22 16:00:00,953
1999-03-23 16:00:00,949
1999-03-24 16:00:00,960
1999-03-25 16:00:00,975
1999-03-26 16:00:00,979
1999-03-27 16:00:00,986
1999-03-28 16:00:00,1001.0000000000001
1999-03-29 16:00:00,1001.0000000000001
1999-03-30 16:00:00,1001.0000000000001
1999-03-31 16:00:00,998
1999-04-01 16:00:00,1009.0000000000001
1999-04-02 16:00:00,1013.0000000000001
1999-04-03 16:00:00,1013.0000000000001
1999-04-04 16:00:00,1013.0000000000001
1999-04-05 16:00:00,1016
1999-04-06 16:00:00,1016
1999-04-07 16:00:00,1020
1999-04-08 16:00:00,1024
1999-04-09 16:00:00,1024
1999-04-10 16:00:00,1024
1999-04-11 16:00:00,1031
1999-04-12 16:00:00,1020
1999-04-13 16:00:00,1020
1999-04-14 16:00:00,1024
1999-04-15 16:00:00,1028
1999-04-16 16:00:00,1024
1999-04-17 16:00:00,1009.0000000000001
1999-04-18 16:00:00,1005.0000000000001
1999-04-19 16:00:00,1001.0000000000001
1999-04-20 16:00:00,1016
1999-04-21 16:00:00,1009.0000000000001
1999-04-22 16:00:00,1020
1999-04-23 16:00:00,990
1999-04-24 16:00:00,994
1999-04-25 16:00:00,1005.0000000000001
1999-04-26 16:00:00,1016
1999-04-27 16:00:00,1020
1999-04-28 16:00:00,1024
1999-04-29 16:00:00,1035
1999-04-30 16:00:00,1035
1999-05-01 16:00:00,1050
1999-05-02 16:00:00,1061
1999-05-03 16:00:00,1061
1999-05-04 16:00:00,1054
1999-05-05 16:00:00,1061
1999-05-06 16:00:00,1069
1999-05-07 16:00:00,1065
1999-05-08 16:00:00,1069
1999-05-09 16:00:00,1065
1999-05-10 16:00:00,1069
1999-05-11 16:00:00,1073
1999-05-12 16:00:00,1084
1999-05-13 16:00:00,1088
1999-05-14 16:00:00,1088
1999-05-15 16:00:00,1084
1999-05-16 16:00:00,1099
1999-05-17 16:00:00,1106
1999-05-18 16:00:00,1110
1999-05-19 16:00:00,1114
1999-05-20 16:00:00,1121
1999-05-21 16:00:00,1114
1999-05-22 16:00:00,1114
1999-05-23 16:00:00,1095
1999-05-24 16:00:00,1069
1999-05-25 16:00:00,1035
1999-05-26 16:00:00,1020
1999-05-27 16:00:00,994
1999-05-28 16:00:00,971
1999-05-29 16:00:00,964
1999-05-30 16:00:00,979
1999-05-31 16:00:00,975
1999-06-01 16:00:00,971
1999-06-02 16:00:00,971
1999-06-03 16:00:00,949
1999-06-04 16:00:00,930
1999-06-05 16:00:00,915
1999-06-06 16:00:00,908
1999-06-07 16:00:00,911
1999-06-08 16:00:00,908
1999-06-09 16:00:00,919
1999-06-10 16:00:00,930
1999-06-11 16:00:00,926
1999-06-12 16:00:00,923
1999-06-13 16:00:00,896
1999-06-14 16:00:00,859
1999-06-15 16:00:00,821
1999-06-16 16:00:00,787
1999-06-17 16:00:00,754
1999-06-18 16:00:00,735
1999-06-19 16:00:00,705
1999-06-20 16:00:00,683
1999-06-21 16:00:00,664
1999-06-22 16:00:00,649
1999-06-23 16:00:00,638
1999-06-24 16:00:00,626
1999-06-25 16:00:00,619
1999-06-26 16:00:00,608
1999-06-27 16:00:00,585
1999-06-28 16:00:00,574
1999-06-29 16:00:00,551
1999-06-30 16:00:00,529
1999-07-01 16:00:00,514
1999-07-02 16:00:00,514
1999-07-03 16:00:00,521
1999-07-04 16:00:00,518
1999-07-05 16:00:00,514
1999-07-06 16:00:00,491
1999-07-07 16:00:00,465
1999-07-08 16:00:00,435
1999-07-09 16:00:00,397
1999-07-10 16:00:00,353
1999-07-11 16:00:00,311
1999-07-12 16:00:00,274
1999-07-13 16:00:00,248
1999-07-14 16:00:00,240
1999-07-15 16:00:00,236
1999-07-16 16:00:00,221
1999-07-17 16:00:00,184
1999-07-18 16:00:00,161
1999-07-19 16:00:00,124
1999-07-20 16:00:00,90
1999-07-21 16:00:00,60
1999-07-22 16:00:00,41
1999-07-23 16:00:00,19
1999-07-24 16:00:00,11
1999-07-25 16:00:00,8
1999-07-26 16:00:00,4
1999-07-27 16:00:00,0
1999-07-28 16:00:00,0
1999-07-29 16:00:00,0
1999-07-30 16:00:00,0
1999-07-31 16:00:00,0
1999-08-01 16:00:00,0
1999-08-02 16:00:00,0
1999-08-03 16:00:00,0
1999-08-04 16:00:00,0
1999-08-05 16:00:00,0
1999-08-06 16:00:00,0
1999-08-07 16:00:00,0
1999-08-08 16:00:00,0
1999-08-09 16:00:00,0
1999-08-10 16:00:00,0
1999-08-11 16:00:00,0
1999-08-12 16:00:00,0
1999-08-13 16:00:00,0
1999-08-14 16:00:00,0
1999-08-15 16:00:00,0
1999-08-16 16:00:00,0
1999-08-17 16:00:00,0
1999-08-18 16:00:00,0
1999-08-19 16:00:00,0
1999-08-20 16:00:00,0
1999-08-21 16:00:00,0
1999-08-22 16:00:00,0
1999-08-23 16:00:00,0
1999-08-24 16:00:00,0
1999-08-25 16:00:00,0
1999-08-26 16:00:00,0
1999-08-27 16:00:00,0
1999-08-28 16:00:00,0
1999-08-29 16:00:00,0
1999-08-30 16:00:00,11
1999-08-31 16:00:00,15
1999-09-01 16:00:00,11
1999-09-02 16:00:00,0
1999-09-03 16:00:00,0
1999-09-04 16:00:00,0
1999-09-05 16:00:00,0
1999-09-06 16:00:00,0
1999-09-07 16:00:00,0
1999-09-08 16:00:00,0
1999-09-09 16:00:00,0
1999-09-10 16:00:00,0
1999-09-11 16:00:00,0
1999-09-12 16:00:00,0
1999-09-13 16:00:00,0
1999-09-14 16:00:00,0
1999-09-15 16:00:00,0
1999-09-16 16:00:00,0
1999-09-17 16:00:00,0
1999-09-18 16:00:00,0
1999-09-19 16:00:00,0
1999-09-20 16:00:00,0
1999-09-21 16:00:00,0
1999-09-22 16:00:00,0
1999-09-23 16:00:00,0
1999-09-24 16:00:00,0
1999-09-25 16:00:00,8
1999-09-26 16:00:00,8
1999-09-27 16:00:00,8
1999-09-28 16:00:00,23
1999-09-29 16:00:00,23
1999-09-30 16:00:00,23
1999-10-01 16:00:00,23
1999-10-02 16:00:00,23
1999-10-03 16:00:00,23
1999-10-04 16:00:00,23
1999-10-05 16:00:00,23
1999-10-06 16:00:00,23
1999-10-07 16:00:00,38
1999-10-08 16:00:00,49
1999-10-09 16:00:00,49
1999-10-10 16:00:00,53
1999-10-11 16:00:00,53
1999-10-12 16:00:00,68
1999-10-13 16:00:00,86
1999-10-14 16:00:00,86
1999-10-15 16:00:00,86
1999-10-16 16:00:00,90
1999-10-17 16:00:00,90
1999-10-18 16:00:00,90
1999-10-19 16:00:00,90
1999-10-20 16:00:00,90
1999-10-21 16:00:00,90
1999-10-22 16:00:00,86
1999-10-23 16:00:00,90
1999-10-24 16:00:00,86
1999-10-25 16:00:00,94
1999-10-26 16:00:00,94
1999-10-27 16:00:00,98
1999-10-28 16:00:00,105
1999-10-29 16:00:00,120
1999-10-30 16:00:00,161
1999-10-31 16:00:00,173
1999-11-01 16:00:00,173
1999-11-02 16:00:00,173
1999-11-03 16:00:00,199
1999-11-04 16:00:00,199
1999-11-05 16:00:00,203
1999-11-06 16:00:00,221
1999-11-07 16:00:00,221
1999-11-08 16:00:00,225
1999-11-09 16:00:00,229
1999-11-10 16:00:00,240
1999-11-11 16:00:00,278
1999-11-12 16:00:00,278
1999-11-13 16:00:00,281
1999-11-14 16:00:00,278
1999-11-15 16:00:00,278
1999-11-16 16:00:00,278
1999-11-17 16:00:00,285
1999-11-18 16:00:00,285
1999-11-19 16:00:00,281
1999-11-20 16:00:00,289
1999-11-21 16:00:00,285
1999-11-22 16:00:00,285
1999-11-23 16:00:00,285
1999-11-24 16:00:00,300
1999-11-25 16:00:00,300
1999-11-26 16:00:00,296
1999-11-27 16:00:00,296
1999-11-28 16:00:00,296
1999-11-29 16:00:00,311
1999-11-30 16:00:00,323
1999-12-01 16:00:00,330
1999-12-02 16:00:00,330
1999-12-03 16:00:00,333
1999-12-04 16:00:00,337
1999-12-05 16:00:00,345
1999-12-06 16:00:00,352
1999-12-07 16:00:00,352
1999-12-08 16:00:00,356
1999-12-09 16:00:00,356
1999-12-10 16:00:00,363
1999-12-11 16:00:00,371
1999-12-12 16:00:00,401
1999-12-13 16:00:00,408
1999-12-14 16:00:00,412
1999-12-15 16:00:00,431
1999-12-16 16:00:00,438
1999-12-17 16:00:00,450
1999-12-18 16:00:00,457
1999-12-19 16:00:00,457
1999-12-20 16:00:00,457
1999-12-21 16:00:00,461
1999-12-22 16:00:00,461
1999-12-23 16:00:00,461
1999-12-24 16:00:00,461
1999-12-25 16:00:00,461
1999-12-26 16:00:00,461
1999-12-27 16:00:00,461
1999-12-28 16:00:00,465
1999-12-29 16:00:00,461
1999-12-30 16:00:00,465
1999-12-31 16:00:00,472
2000-01-01 16:00:00,476
2000-01-02 16:00:00,472
2000-01-03 16:00:00,483
2000-01-04 16:00:00,483
2000-01-05 16:00:00,487
2000-01-06 16:00:00,491
2000-01-07 16:00:00,502
2000-01-08 16:00:00,506
2000-01-09 16:00:00,510
2000-01-10 16:00:00,513
2000-01-11 16:00:00,513
2000-01-12 16:00:00,513
2000-01-13 16:00:00,525
2000-01-14 16:00:00,532
2000-01-15 16:00:00,540
2000-01-16 16:00:00,543
2000-01-17 16:00:00,555
2000-01-18 16:00:00,555
2000-01-19 16:00:00,562
2000-01-20 16:00:00,566
2000-01-21 16:00:00,566
2000-01-22 16:00:00,566
2000-01-23 16:00:00,566
2000-01-24 16:00:00,570
2000-01-25 16:00:00,570
2000-01-26 16:00:00,566
2000-01-27 16:00:00,570
2000-01-28 16:00:00,570
2000-01-29 16:00:00,570
2000-01-30 16:00:00,570
2000-01-31 16:00:00,581
2000-02-01 16:00:00,585
2000-02-02 16:00:00,585
2000-02-03 16:00:00,596
2000-02-04 16:00:00,596
2000-02-05 16:00:00,588
2000-02-06 16:00:00,592
2000-02-07 16:00:00,600
2000-02-08 16:00:00,622
2000-02-09 16:00:00,641
2000-02-10 16:00:00,648
2000-02-11 16:00:00,648
2000-02-12 16:00:00,648
2000-02-13 16:00:00,652
2000-02-14 16:00:00,645
2000-02-15 16:00:00,648
2000-02-16 16:00:00,652
2000-02-17 16:00:00,652
2000-02-18 16:00:00,652
2000-02-19 16:00:00,656
2000-02-20 16:00:00,656
2000-02-21 16:00:00,656
2000-02-22 16:00:00,660
2000-02-23 16:00:00,663
2000-02-24 16:00:00,660
2000-02-25 16:00:00,667
2000-02-26 16:00:00,671
2000-02-27 16:00:00,675
2000-02-28 16:00:00,671
2000-02-29 16:00:00,671
2000-03-01 16:00:00,675
2000-03-02 16:00:00,678
2000-03-03 16:00:00,686
2000-03-04 16:00:00,705
2000-03-05 16:00:00,720
2000-03-06 16:00:00,720
2000-03-07 16:00:00,723
2000-03-08 16:00:00,727
2000-03-09 16:00:00,723
2000-03-10 16:00:00,731
2000-03-11 16:00:00,735
2000-03-12 16:00:00,738
2000-03-13 16:00:00,750
2000-03-14 16:00:00,750
2000-03-15 16:00:00,768
2000-03-16 16:00:00,768
2000-03-17 16:00:00,772
2000-03-18 16:00:00,787
2000-03-19 16:00:00,780
2000-03-20 16:00:00,787
2000-03-21 16:00:00,791
2000-03-22 16:00:00,802
2000-03-23 16:00:00,806
2000-03-24 16:00:00,813
2000-03-25 16:00:00,810
2000-03-26 16:00:00,817
2000-03-27 16:00:00,817
2000-03-28 16:00:00,810
2000-03-29 16:00:00,806
2000-03-30 16:00:00,810
2000-03-31 16:00:00,817
2000-04-01 16:00:00,810
2000-04-02 16:00:00,817
2000-04-03 16:00:00,825
2000-04-04 16:00:00,825
2000-04-05 16:00:00,832
2000-04-06 16:00:00,825
2000-04-07 16:00:00,835
2000-04-08 16:00:00,840
2000-04-09 16:00:00,836
2000-04-10 16:00:00,836
2000-04-11 16:00:00,847
2000-04-12 16:00:00,855
2000-04-13 16:00:00,877
2000-04-14 16:00:00,884
2000-04-15 16:00:00,888
2000-04-16 16:00:00,896
2000-04-17 16:00:00,896
2000-04-18 16:00:00,892
2000-04-19 16:00:00,892
2000-04-20 16:00:00,903
2000-04-21 16:00:00,903
2000-04-22 16:00:00,896
2000-04-23 16:00:00,900
2000-04-24 16:00:00,911
2000-04-25 16:00:00,900
2000-04-26 16:00:00,903
2000-04-27 16:00:00,900
2000-04-28 16:00:00,873
2000-04-29 16:00:00,881
2000-04-30 16:00:00,888
2000-05-01 16:00:00,892
2000-05-02 16:00:00,900
2000-05-03 16:00:00,907
2000-05-04 16:00:00,911
2000-05-05 16:00:00,918
2000-05-06 16:00:00,922
2000-05-07 16:00:00,926
2000-05-08 16:00:00,930
2000-05-09 16:00:00,941
2000-05-10 16:00:00,963
2000-05-11 16:00:00,967
2000-05-12 16:00:00,974
2000-05-13 16:00:00,974
2000-05-14 16:00:00,974
2000-05-15 16:00:00,971
2000-05-16 16:00:00,963
2000-05-17 16:00:00,952
2000-05-18 16:00:00,941
2000-05-19 16:00:00,937
2000-05-20 16:00:00,941
2000-05-21 16:00:00,918
2000-05-22 16:00:00,896
2000-05-23 16:00:00,888
2000-05-24 16:00:00,881
2000-05-25 16:00:00,866
2000-05-26 16:00:00,866
2000-05-27 16:00:00,881
2000-05-28 16:00:00,888
2000-05-29 16:00:00,892
2000-05-30 16:00:00,892
2000-05-31 16:00:00,881
2000-06-01 16:00:00,873
2000-06-02 16:00:00,851
2000-06-03 16:00:00,825
2000-06-04 16:00:00,802
2000-06-05 16:00:00,787
2000-06-06 16:00:00,765
2000-06-07 16:00:00,750
2000-06-08 16:00:00,738
2000-06-09 16:00:00,720
2000-06-10 16:00:00,731
2000-06-11 16:00:00,731
2000-06-12 16:00:00,727
2000-06-13 16:00:00,731
2000-06-14 16:00:00,720
2000-06-15 16:00:00,701
2000-06-16 16:00:00,682
2000-06-17 16:00:00,667
2000-06-18 16:00:00,645
2000-06-19 16:00:00,622
2000-06-20 16:00:00,611
2000-06-21 16:00:00,585
2000-06-22 16:00:00,566
2000-06-23 16:00:00,543
2000-06-24 16:00:00,525
2000-06-25 16:00:00,491
2000-06-26 16:00:00,457
2000-06-27 16:00:00,427
2000-06-28 16:00:00,393
2000-06-29 16:00:00,363
2000-06-30 16:00:00,333
2000-07-01 16:00:00,303
2000-07-02 16:00:00,285
2000-07-03 16:00:00,258
2000-07-04 16:00:00,281
2000-07-05 16:00:00,277
2000-07-06 16:00:00,266
2000-07-07 16:00:00,243
2000-07-08 16:00:00,217
2000-07-09 16:00:00,195
2000-07-10 16:00:00,168
2000-07-11 16:00:00,135
2000-07-12 16:00:00,93
2000-07-13 16:00:00,52
2000-07-14 16:00:00,18
2000-07-15 16:00:00,11
2000-07-16 16:00:00,0
2000-07-17 16:00:00,0
2000-07-18 16:00:00,0
2000-07-19 16:00:00,0
2000-07-20 16:00:00,0
2000-07-21 16:00:00,0
2000-07-22 16:00:00,0
2000-07-23 16:00:00,0
2000-07-24 16:00:00,0
2000-07-25 16:00:00,0
2000-07-26 16:00:00,0
2000-07-27 16:00:00,0
2000-07-28 16:00:00,0
2000-07-29 16:00:00,0
2000-07-30 16:00:00,0
2000-07-31 16:00:00,0
2000-08-01 16:00:00,0
2000-08-02 16:00:00,0
2000-08-03 16:00:00,0
2000-08-04 16:00:00,0
2000-08-05 16:00:00,0
2000-08-06 16:00:00,0
2000-08-07 16:00:00,0
2000-08-08 16:00:00,0
2000-08-09 16:00:00,0
2000-08-10 16:00:00,0
2000-08-11 16:00:00,0
2000-08-12 16:00:00,0
2000-08-13 16:00:00,0
2000-08-14 16:00:00,0
2000-08-15 16:00:00,0
2000-08-16 16:00:00,0
2000-08-17 16:00:00,0
2000-08-18 16:00:00,0
2000-08-19 16:00:00,0
2000-08-20 16:00:00,0
2000-08-21 16:00:00,0
2000-08-22 16:00:00,0
2000-08-23 16:00:00,0
2000-08-24 16:00:00,0
2000-08-25 16:00:00,0
2000-08-26 16:00:00,0
2000-08-27 16:00:00,0
2000-08-28 16:00:00,0
2000-08-29 16:00:00,0
2000-08-30 16:00:00,0
2000-08-31 16:00:00,0
2000-09-01 16:00:00,0
2000-09-02 16:00:00,0
2000-09-03 16:00:00,0
2000-09-04 16:00:00,0
2000-09-05 16:00:00,0
2000-09-06 16:00:00,0
2000-09-07 16:00:00,0
2000-09-08 16:00:00,0
2000-09-09 16:00:00,0
2000-09-10 16:00:00,0
2000-09-11 16:00:00,0
2000-09-12 16:00:00,0
2000-09-13 16:00:00,0
2000-09-14 16:00:00,0
2000-09-15 16:00:00,0
2000-09-16 16:00:00,0
2000-09-17 16:00:00,0
2000-09-18 16:00:00,0
2000-09-19 16:00:00,0
2000-09-20 16:00:00,0
2000-09-21 16:00:00,0
2000-09-22 16:00:00,0
2000-09-23 16:00:00,0
2000-09-24 16:00:00,0
2000-09-25 16:00:00,0
2000-09-26 16:00:00,0
2000-09-27 16:00:00,0
2000-09-28 16:00:00,0
2000-09-29 16:00:00,0
2000-09-30 16:00:00,0
2000-10-01 16:00:00,0
2000-10-02 16:00:00,0
2000-10-03 16:00:00,3
2000-10-04 16:00:00,7
2000-10-05 16:00:00,7
2000-10-06 16:00:00,7
2000-10-07 16:00:00,7
2000-10-08 16:00:00,11
2000-10-09 16:00:00,7
2000-10-10 16:00:00,0
2000-10-11 16:00:00,0
2000-10-12 16:00:00,0
2000-10-13 16:00:00,0
2000-10-14 16:00:00,0
2000-10-15 16:00:00,0
2000-10-16 16:00:00,3
2000-10-17 16:00:00,7
2000-10-18 16:00:00,15
2000-10-19 16:00:00,15
2000-10-20 16:00:00,37
2000-10-21 16:00:00,37
2000-10-22 16:00:00,37
2000-10-23 16:00:00,37
2000-10-24 16:00:00,37
2000-10-25 16:00:00,37
2000-10-26 16:00:00,37
2000-10-27 16:00:00,41
2000-10-28 16:00:00,45
2000-10-29 16:00:00,45
2000-10-30 16:00:00,45
2000-10-31 16:00:00,45
2000-11-01 16:00:00,48
2000-11-02 16:00:00,48
2000-11-03 16:00:00,56
2000-11-04 16:00:00,63
2000-11-05 16:00:00,63
2000-11-06 16:00:00,63
2000-11-07 16:00:00,67
2000-11-08 16:00:00,67
2000-11-09 16:00:00,67
2000-11-10 16:00:00,67
2000-11-11 16:00:00,71
2000-11-12 16:00:00,71
2000-11-13 16:00:00,71
2000-11-14 16:00:00,71
2000-11-15 16:00:00,71
2000-11-16 16:00:00,71
2000-11-17 16:00:00,71
2000-11-18 16:00:00,71
2000-11-19 16:00:00,71
2000-11-20 16:00:00,71
2000-11-21 16:00:00,71
2000-11-22 16:00:00,71
2000-11-23 16:00:00,75
2000-11-24 16:00:00,75
2000-11-25 16:00:00,78
2000-11-26 16:00:00,86
2000-11-27 16:00:00,90
2000-11-28 16:00:00,90
2000-11-29 16:00:00,97
2000-11-30 16:00:00,97
2000-12-01 16:00:00,101
2000-12-02 16:00:00,101
2000-12-03 16:00:00,101
2000-12-04 16:00:00,101
2000-12-05 16:00:00,105
2000-12-06 16:00:00,105
2000-12-07 16:00:00,105
2000-12-08 16:00:00,105
2000-12-09 16:00:00,105
2000-12-10 16:00:00,108
2000-12-11 16:00:00,108
2000-12-12 16:00:00,108
2000-12-13 16:00:00,112
2000-12-14 16:00:00,116
2000-12-15 16:00:00,120
2000-12-16 16:00:00,131
2000-12-17 16:00:00,131
2000-12-18 16:00:00,146
2000-12-19 16:00:00,146
2000-12-20 16:00:00,146
2000-12-21 16:00:00,146
2000-12-22 16:00:00,150
2000-12-23 16:00:00,150
2000-12-24 16:00:00,150
2000-12-25 16:00:00,150
2000-12-26 16:00:00,161
2000-12-27 16:00:00,168
2000-12-28 16:00:00,168
2000-12-29 16:00:00,172
2000-12-30 16:00:00,172
2000-12-31 16:00:00,172
2001-01-01 16:00:00,172
2001-01-02 16:00:00,172
2001-01-03 16:00:00,176
2001-01-04 16:00:00,191
2001-01-05 16:00:00,198
2001-01-06 16:00:00,202
2001-01-07 16:00:00,202
2001-01-08 16:00:00,202
2001-01-09 16:00:00,202
2001-01-10 16:00:00,206
2001-01-11 16:00:00,206
2001-01-12 16:00:00,206
2001-01-13 16:00:00,206
2001-01-14 16:00:00,206
2001-01-15 16:00:00,206
2001-01-16 16:00:00,206
2001-01-17 16:00:00,206
2001-01-18 16:00:00,206
2001-01-19 16:00:00,206
2001-01-20 16:00:00,206
2001-01-21 16:00:00,210
2001-01-22 16:00:00,210
2001-01-23 16:00:00,210
2001-01-24 16:00:00,213
2001-01-25 16:00:00,213
2001-01-26 16:00:00,213
2001-01-27 16:00:00,213
2001-01-28 16:00:00,213
2001-01-29 16:00:00,213
2001-01-30 16:00:00,213
2001-01-31 16:00:00,221
2001-02-01 16:00:00,225
2001-02-02 16:00:00,228
2001-02-03 16:00:00,228
2001-02-04 16:00:00,236
2001-02-05 16:00:00,243
2001-02-06 16:00:00,247
2001-02-07 16:00:00,247
2001-02-08 16:00:00,247
2001-02-09 16:00:00,247
2001-02-10 16:00:00,247
2001-02-11 16:00:00,247
2001-02-12 16:00:00,251
2001-02-13 16:00:00,251
2001-02-14 16:00:00,255
2001-02-15 16:00:00,262
2001-02-16 16:00:00,266
2001-02-17 16:00:00,270
2001-02-18 16:00:00,273
2001-02-19 16:00:00,277
2001-02-20 16:00:00,277
2001-02-21 16:00:00,277
2001-02-22 16:00:00,281
2001-02-23 16:00:00,296
2001-02-24 16:00:00,296
2001-02-25 16:00:00,296
2001-02-26 16:00:00,296
2001-02-27 16:00:00,300
2001-02-28 16:00:00,300
2001-03-01 16:00:00,303
2001-03-02 16:00:00,303
2001-03-03 16:00:00,303
2001-03-04 16:00:00,303
2001-03-05 16:00:00,307
2001-03-06 16:00:00,307
2001-03-07 16:00:00,307
2001-03-08 16:00:00,311
2001-03-09 16:00:00,315
2001-03-10 16:00:00,322
2001-03-11 16:00:00,322
2001-03-12 16:00:00,326
2001-03-13 16:00:00,330
2001-03-14 16:00:00,333
2001-03-15 16:00:00,333
2001-03-16 16:00:00,333
2001-03-17 16:00:00,337
2001-03-18 16:00:00,356
2001-03-19 16:00:00,360
2001-03-20 16:00:00,360
2001-03-21 16:00:00,360
2001-03-22 16:00:00,360
2001-03-23 16:00:00,360
2001-03-24 16:00:00,360
2001-03-25 16:00:00,371
2001-03-26 16:00:00,375
2001-03-27 16:00:00,378
2001-03-28 16:00:00,382
2001-03-29 16:00:00,386
2001-03-30 16:00:00,390
2001-03-31 16:00:00,397
2001-04-01 16:00:00,408
2001-04-02 16:00:00,408
2001-04-03 16:00:00,412
2001-04-04 16:00:00,412
2001-04-05 16:00:00,416
2001-04-06 16:00:00,420
2001-04-07 16:00:00,423
2001-04-08 16:00:00,427
2001-04-09 16:00:00,435
2001-04-10 16:00:00,435
2001-04-11 16:00:00,438
2001-04-12 16:00:00,435
2001-04-13 16:00:00,435
2001-04-14 16:00:00,435
2001-04-15 16:00:00,438
2001-04-16 16:00:00,442
2001-04-17 16:00:00,446
2001-04-18 16:00:00,450
2001-04-19 16:00:00,450
2001-04-20 16:00:00,450
2001-04-21 16:00:00,450
2001-04-22 16:00:00,457
2001-04-23 16:00:00,457
2001-04-24 16:00:00,457
2001-04-25 16:00:00,461
2001-04-26 16:00:00,461
2001-04-27 16:00:00,453
2001-04-28 16:00:00,465
2001-04-29 16:00:00,480
2001-04-30 16:00:00,491
2001-05-01 16:00:00,491
2001-05-02 16:00:00,491
2001-05-03 16:00:00,495
2001-05-04 16:00:00,510
2001-05-05 16:00:00,525
2001-05-06 16:00:00,525
2001-05-07 16:00:00,528
2001-05-08 16:00:00,521
2001-05-09 16:00:00,510
2001-05-10 16:00:00,517
2001-05-11 16:00:00,517
2001-05-12 16:00:00,498
2001-05-13 16:00:00,491
2001-05-14 16:00:00,495
2001-05-15 16:00:00,510
2001-05-16 16:00:00,521
2001-05-17 16:00:00,517
2001-05-18 16:00:00,525
2001-05-19 16:00:00,528
2001-05-20 16:00:00,528
2001-05-21 16:00:00,521
2001-05-22 16:00:00,495
2001-05-23 16:00:00,465
2001-05-24 16:00:00,427
2001-05-25 16:00:00,397
2001-05-26 16:00:00,371
2001-05-27 16:00:00,337
2001-05-28 16:00:00,318
2001-05-29 16:00:00,318
2001-05-30 16:00:00,315
2001-05-31 16:00:00,288
2001-06-01 16:00:00,266
2001-06-02 16:00:00,270
2001-06-03 16:00:00,262
2001-06-04 16:00:00,243
2001-06-05 16:00:00,232
2001-06-06 16:00:00,210
2001-06-07 16:00:00,195
2001-06-08 16:00:00,172
2001-06-09 16:00:00,161
2001-06-10 16:00:00,176
2001-06-11 16:00:00,180
2001-06-12 16:00:00,180
2001-06-13 16:00:00,172
2001-06-14 16:00:00,165
2001-06-15 16:00:00,165
2001-06-16 16:00:00,165
2001-06-17 16:00:00,157
2001-06-18 16:00:00,153
2001-06-19 16:00:00,120
2001-06-20 16:00:00,75
2001-06-21 16:00:00,41
2001-06-22 16:00:00,22
2001-06-23 16:00:00,15
2001-06-24 16:00:00,15
2001-06-25 16:00:00,7
2001-06-26 16:00:00,7
2001-06-27 16:00:00,7
2001-06-28 16:00:00,7
2001-06-29 16:00:00,3
2001-06-30 16:00:00,0
2001-07-01 16:00:00,0
2001-07-02 16:00:00,0
2001-07-03 16:00:00,0
2001-07-04 16:00:00,0
2001-07-05 16:00:00,0
2001-07-06 16:00:00,0
2001-07-07 16:00:00,0
2001-07-08 16:00:00,0
2001-07-09 16:00:00,0
2001-07-10 16:00:00,0
2001-07-11 16:00:00,0
2001-07-12 16:00:00,0
2001-07-13 16:00:00,0
2001-07-14 16:00:00,0
2001-07-15 16:00:00,0
2001-07-16 16:00:00,0
2001-07-17 16:00:00,0
2001-07-18 16:00:00,0
2001-07-19 16:00:00,0
2001-07-20 16:00:00,0
2001-07-21 16:00:00,0
2001-07-22 16:00:00,0
2001-07-23 16:00:00,0
2001-07-24 16:00:00,0
2001-07-25 16:00:00,0
2001-07-26 16:00:00,0
2001-07-27 16:00:00,0
2001-07-28 16:00:00,0
2001-07-29 16:00:00,0
2001-07-30 16:00:00,0
2001-07-31 16:00:00,0
2001-08-01 16:00:00,0
2001-08-02 16:00:00,0
2001-08-03 16:00:00,0
2001-08-04 16:00:00,0
2001-08-05 16:00:00,0
2001-08-06 16:00:00,0
2001-08-07 16:00:00,0
2001-08-08 16:00:00,0
2001-08-09 16:00:00,0
2001-08-10 16:00:00,0
2001-08-11 16:00:00,0
2001-08-12 16:00:00,0
2001-08-13 16:00:00,0
2001-08-14 16:00:00,0
2001-08-15 16:00:00,0
2001-08-16 16:00:00,0
2001-08-17 16:00:00,0
2001-08-18 16:00:00,0
2001-08-19 16:00:00,0
2001-08-20 16:00:00,0
2001-08-21 16:00:00,0
2001-08-22 16:00:00,0
2001-08-23 16:00:00,0
2001-08-24 16:00:00,0
2001-08-25 16:00:00,0
2001-08-26 16:00:00,0
2001-08-27 16:00:00,0
2001-08-28 16:00:00,0
2001-08-29 16:00:00,0
2001-08-30 16:00:00,0
2001-08-31 16:00:00,0
2001-09-01 16:00:00,0
2001-09-02 16:00:00,0
2001-09-03 16:00:00,0
2001-09-04 16:00:00,0
2001-09-05 16:00:00,0
2001-09-06 16:00:00,0
2001-09-07 16:00:00,0
2001-09-08 16:00:00,0
2001-09-09 16:00:00,0
2001-09-10 16:00:00,0
2001-09-11 16:00:00,0
2001-09-12 16:00:00,0
2001-09-13 16:00:00,0
2001-09-14 16:00:00,0
2001-09-15 16:00:00,0
2001-09-16 16:00:00,0
2001-09-17 16:00:00,0
2001-09-18 16:00:00,0
2001-09-19 16:00:00,0
2001-09-20 16:00:00,0
2001-09-21 16:00:00,0
2001-09-22 16:00:00,0
2001-09-23 16:00:00,0
2001-09-24 16:00:00,0
2001-09-25 16:00:00,0
2001-09-26 16:00:00,0
2001-09-27 16:00:00,0
2001-09-28 16:00:00,0
2001-09-29 16:00:00,0
2001-09-30 16:00:00,0
2001-10-01 16:00:00,0
2001-10-02 16:00:00,0
2001-10-03 16:00:00,0
2001-10-04 16:00:00,0
2001-10-05 16:00:00,0
2001-10-06 16:00:00,0
2001-10-07 16:00:00,0
2001-10-08 16:00:00,0
2001-10-09 16:00:00,3
2001-10-10 16:00:00,7
2001-10-11 16:00:00,7
2001-10-12 16:00:00,22
2001-10-13 16:00:00,22
2001-10-14 16:00:00,22
2001-10-15 16:00:00,22
2001-10-16 16:00:00,30
2001-10-17 16:00:00,33
2001-10-18 16:00:00,41
2001-10-19 16:00:00,52
2001-10-20 16:00:00,52
2001-10-21 16:00:00,63
2001-10-22 16:00:00,71
2001-10-23 16:00:00,82
2001-10-24 16:00:00,86
2001-10-25 16:00:00,86
2001-10-26 16:00:00,108
2001-10-27 16:00:00,120
2001-10-28 16:00:00,120
2001-10-29 16:00:00,120
2001-10-30 16:00:00,127
2001-10-31 16:00:00,131
2001-11-01 16:00:00,135
2001-11-02 16:00:00,135
2001-11-03 16:00:00,135
2001-11-04 16:00:00,138
2001-11-05 16:00:00,142
2001-11-06 16:00:00,142
2001-11-07 16:00:00,142
2001-11-08 16:00:00,142
2001-11-09 16:00:00,142
2001-11-10 16:00:00,142
2001-11-11 16:00:00,142
2001-11-12 16:00:00,146
2001-11-13 16:00:00,165
2001-11-14 16:00:00,183
2001-11-15 16:00:00,191
2001-11-16 16:00:00,191
2001-11-17 16:00:00,195
2001-11-18 16:00:00,187
2001-11-19 16:00:00,191
2001-11-20 16:00:00,195
2001-11-21 16:00:00,195
2001-11-22 16:00:00,198
2001-11-23 16:00:00,206
2001-11-24 16:00:00,206
2001-11-25 16:00:00,206
2001-11-26 16:00:00,210
2001-11-27 16:00:00,213
2001-11-28 16:00:00,221
2001-11-29 16:00:00,228
2001-11-30 16:00:00,232
2001-12-01 16:00:00,243
2001-12-02 16:00:00,251
2001-12-03 16:00:00,258
2001-12-04 16:00:00,262
2001-12-05 16:00:00,262
2001-12-06 16:00:00,266
2001-12-07 16:00:00,270
2001-12-08 16:00:00,281
2001-12-09 16:00:00,285
2001-12-10 16:00:00,285
2001-12-11 16:00:00,285
2001-12-12 16:00:00,288
2001-12-13 16:00:00,300
2001-12-14 16:00:00,311
2001-12-15 16:00:00,322
2001-12-16 16:00:00,356
2001-12-17 16:00:00,363
2001-12-18 16:00:00,363
2001-12-19 16:00:00,363
2001-12-20 16:00:00,363
2001-12-21 16:00:00,363
2001-12-22 16:00:00,360
2001-12-23 16:00:00,363
2001-12-24 16:00:00,363
2001-12-25 16:00:00,363
2001-12-26 16:00:00,363
2001-12-27 16:00:00,363
2001-12-28 16:00:00,360
2001-12-29 16:00:00,363
2001-12-30 16:00:00,360
2001-12-31 16:00:00,360
2002-01-01 16:00:00,363
2002-01-02 16:00:00,363
2002-01-03 16:00:00,363
2002-01-04 16:00:00,367
2002-01-05 16:00:00,375
2002-01-06 16:00:00,382
2002-01-07 16:00:00,416
2002-01-08 16:00:00,427
2002-01-09 16:00:00,427
2002-01-10 16:00:00,427
2002-01-11 16:00:00,438
2002-01-12 16:00:00,438
2002-01-13 16:00:00,438
2002-01-14 16:00:00,438
2002-01-15 16:00:00,438
2002-01-16 16:00:00,438
2002-01-17 16:00:00,438
2002-01-18 16:00:00,442
2002-01-19 16:00:00,446
2002-01-20 16:00:00,450
2002-01-21 16:00:00,450
2002-01-22 16:00:00,450
2002-01-23 16:00:00,465
2002-01-24 16:00:00,495
2002-01-25 16:00:00,502
2002-01-26 16:00:00,506
2002-01-27 16:00:00,510
2002-01-28 16:00:00,513
2002-01-29 16:00:00,513
2002-01-30 16:00:00,551
2002-01-31 16:00:00,555
2002-02-01 16:00:00,555
2002-02-02 16:00:00,558
2002-02-03 16:00:00,555
2002-02-04 16:00:00,562
2002-02-05 16:00:00,562
2002-02-06 16:00:00,536
2002-02-07 16:00:00,536
2002-02-08 16:00:00,533
2002-02-09 16:00:00,540
2002-02-10 16:00:00,544
2002-02-11 16:00:00,551
2002-02-12 16:00:00,555
2002-02-13 16:00:00,551
2002-02-14 16:00:00,551
2002-02-15 16:00:00,555
2002-02-16 16:00:00,559
2002-02-17 16:00:00,559
2002-02-18 16:00:00,566
2002-02-19 16:00:00,563
2002-02-20 16:00:00,566
2002-02-21 16:00:00,600
2002-02-22 16:00:00,626
2002-02-23 16:00:00,626
2002-02-24 16:00:00,623
2002-02-25 16:00:00,630
2002-02-26 16:00:00,634
2002-02-27 16:00:00,630
2002-02-28 16:00:00,634
2002-03-01 16:00:00,634
2002-03-02 16:00:00,634
2002-03-03 16:00:00,638
2002-03-04 16:00:00,649
2002-03-05 16:00:00,660
2002-03-06 16:00:00,664
2002-03-07 16:00:00,660
2002-03-08 16:00:00,656
2002-03-09 16:00:00,660
2002-03-10 16:00:00,668
2002-03-11 16:00:00,683
2002-03-12 16:00:00,690
2002-03-13 16:00:00,694
2002-03-14 16:00:00,701
2002-03-15 16:00:00,705
2002-03-16 16:00:00,713
2002-03-17 16:00:00,713
2002-03-18 16:00:00,720
2002-03-19 16:00:00,716
2002-03-20 16:00:00,720
2002-03-21 16:00:00,728
2002-03-22 16:00:00,728
2002-03-23 16:00:00,724
2002-03-24 16:00:00,724
2002-03-25 16:00:00,731
2002-03-26 16:00:00,735
2002-03-27 16:00:00,743
2002-03-28 16:00:00,743
2002-03-29 16:00:00,746
2002-03-30 16:00:00,761
2002-03-31 16:00:00,769
2002-04-01 16:00:00,773
2002-04-02 16:00:00,776
2002-04-03 16:00:00,776
2002-04-04 16:00:00,776
2002-04-05 16:00:00,780
2002-04-06 16:00:00,791
2002-04-07 16:00:00,795
2002-04-08 16:00:00,795
2002-04-09 16:00:00,795
2002-04-10 16:00:00,795
2002-04-11 16:00:00,799
2002-04-12 16:00:00,814
2002-04-13 16:00:00,840
2002-04-14 16:00:00,844
2002-04-15 16:00:00,844
2002-04-16 16:00:00,844
2002-04-17 16:00:00,844
2002-04-18 16:00:00,847
2002-04-19 16:00:00,851
2002-04-20 16:00:00,851
2002-04-21 16:00:00,863
2002-04-22 16:00:00,870
2002-04-23 16:00:00,874
2002-04-24 16:00:00,885
2002-04-25 16:00:00,885
2002-04-26 16:00:00,885
2002-04-27 16:00:00,878
2002-04-28 16:00:00,878
2002-04-29 16:00:00,878
2002-04-30 16:00:00,881
2002-05-01 16:00:00,885
2002-05-02 16:00:00,878
2002-05-03 16:00:00,881
2002-05-04 16:00:00,893
2002-05-05 16:00:00,893
2002-05-06 16:00:00,896
2002-05-07 16:00:00,896
2002-05-08 16:00:00,900
2002-05-09 16:00:00,900
2002-05-10 16:00:00,893
2002-05-11 16:00:00,889
2002-05-12 16:00:00,893
2002-05-13 16:00:00,900
2002-05-14 16:00:00,896
2002-05-15 16:00:00,896
2002-05-16 16:00:00,893
2002-05-17 16:00:00,900
2002-05-18 16:00:00,900
2002-05-19 16:00:00,896
2002-05-20 16:00:00,874
2002-05-21 16:00:00,870
2002-05-22 16:00:00,866
2002-05-23 16:00:00,878
2002-05-24 16:00:00,885
2002-05-25 16:00:00,885
2002-05-26 16:00:00,881
2002-05-27 16:00:00,870
2002-05-28 16:00:00,855
2002-05-29 16:00:00,833
2002-05-30 16:00:00,806
2002-05-31 16:00:00,791
2002-06-01 16:00:00,750
2002-06-02 16:00:00,739
2002-06-03 16:00:00,713
2002-06-04 16:00:00,709
2002-06-05 16:00:00,686
2002-06-06 16:00:00,690
2002-06-07 16:00:00,690
2002-06-08 16:00:00,694
2002-06-09 16:00:00,694
2002-06-10 16:00:00,686
2002-06-11 16:00:00,664
2002-06-12 16:00:00,634
2002-06-13 16:00:00,608
2002-06-14 16:00:00,574
2002-06-15 16:00:00,540
2002-06-16 16:00:00,503
2002-06-17 16:00:00,484
2002-06-18 16:00:00,465
2002-06-19 16:00:00,454
2002-06-20 16:00:00,435
2002-06-21 16:00:00,401
2002-06-22 16:00:00,360
2002-06-23 16:00:00,326
2002-06-24 16:00:00,285
2002-06-25 16:00:00,244
2002-06-26 16:00:00,195
2002-06-27 16:00:00,161
2002-06-28 16:00:00,128
2002-06-29 16:00:00,105
2002-06-30 16:00:00,90
2002-07-01 16:00:00,94
2002-07-02 16:00:00,64
2002-07-03 16:00:00,38
2002-07-04 16:00:00,38
2002-07-05 16:00:00,26
2002-07-06 16:00:00,4
2002-07-07 16:00:00,0
2002-07-08 16:00:00,0
2002-07-09 16:00:00,0
2002-07-10 16:00:00,0
2002-07-11 16:00:00,0
2002-07-12 16:00:00,0
2002-07-13 16:00:00,0
2002-07-14 16:00:00,0
2002-07-15 16:00:00,0
2002-07-16 16:00:00,0
2002-07-17 16:00:00,0
2002-07-18 16:00:00,0
2002-07-19 16:00:00,0
2002-07-20 16:00:00,0
2002-07-21 16:00:00,0
2002-07-22 16:00:00,0
2002-07-23 16:00:00,0
2002-07-24 16:00:00,0
2002-07-25 16:00:00,0
2002-07-26 16:00:00,0
2002-07-27 16:00:00,0
2002-07-28 16:00:00,0
2002-07-29 16:00:00,0
2002-07-30 16:00:00,0
2002-07-31 16:00:00,0
2002-08-01 16:00:00,0
2002-08-02 16:00:00,0
2002-08-03 16:00:00,0
2002-08-04 16:00:00,0
2002-08-05 16:00:00,0
2002-08-06 16:00:00,0
2002-08-07 16:00:00,0
2002-08-08 16:00:00,0
2002-08-09 16:00:00,0
2002-08-10 16:00:00,0
2002-08-11 16:00:00,0
2002-08-12 16:00:00,0
2002-08-13 16:00:00,0
2002-08-14 16:00:00,0
2002-08-15 16:00:00,0
2002-08-16 16:00:00,0
2002-08-17 16:00:00,0
2002-08-18 16:00:00,0
2002-08-19 16:00:00,0
2002-08-20 16:00:00,0
2002-08-21 16:00:00,0
2002-08-22 16:00:00,0
2002-08-23 16:00:00,0
2002-08-24 16:00:00,0
2002-08-25 16:00:00,0
2002-08-26 16:00:00,0
2002-08-27 16:00:00,0
2002-08-28 16:00:00,0
2002-08-29 16:00:00,0
2002-08-30 16:00:00,0
2002-08-31 16:00:00,0
2002-09-01 16:00:00,0
2002-09-02 16:00:00,0
2002-09-03 16:00:00,0
2002-09-04 16:00:00,0
2002-09-05 16:00:00,0
2002-09-06 16:00:00,0
2002-09-07 16:00:00,0
2002-09-08 16:00:00,0
2002-09-09 16:00:00,0
2002-09-10 16:00:00,0
2002-09-11 16:00:00,0
2002-09-12 16:00:00,0
2002-09-13 16:00:00,0
2002-09-14 16:00:00,0
2002-09-15 16:00:00,0
2002-09-16 16:00:00,0
2002-09-17 16:00:00,0
2002-09-18 16:00:00,0
2002-09-19 16:00:00,0
2002-09-20 16:00:00,0
2002-09-21 16:00:00,0
2002-09-22 16:00:00,0
2002-09-23 16:00:00,0
2002-09-24 16:00:00,0
2002-09-25 16:00:00,0
2002-09-26 16:00:00,0
2002-09-27 16:00:00,0
2002-09-28 16:00:00,0
2002-09-29 16:00:00,15
2002-09-30 16:00:00,15
2002-10-01 16:00:00,0
2002-10-02 16:00:00,0
2002-10-03 16:00:00,0
2002-10-04 16:00:00,0
2002-10-05 16:00:00,0
2002-10-06 16:00:00,0
2002-10-07 16:00:00,0
2002-10-08 16:00:00,0
2002-10-09 16:00:00,0
2002-10-10 16:00:00,0
2002-10-11 16:00:00,0
2002-10-12 16:00:00,0
2002-10-13 16:00:00,0
2002-10-14 16:00:00,0
2002-10-15 16:00:00,0
2002-10-16 16:00:00,0
2002-10-17 16:00:00,0
2002-10-18 16:00:00,0
2002-10-19 16:00:00,0
2002-10-20 16:00:00,0
2002-10-21 16:00:00,0
2002-10-22 16:00:00,0
2002-10-23 16:00:00,4
2002-10-24 16:00:00,8
2002-10-25 16:00:00,8
2002-10-26 16:00:00,4
2002-10-27 16:00:00,8
2002-10-28 16:00:00,15
2002-10-29 16:00:00,15
2002-10-30 16:00:00,15
2002-10-31 16:00:00,15
2002-11-01 16:00:00,15
2002-11-02 16:00:00,15
2002-11-03 16:00:00,15
2002-11-04 16:00:00,15
2002-11-05 16:00:00,15
2002-11-06 16:00:00,23
2002-11-07 16:00:00,26
2002-11-08 16:00:00,38
2002-11-09 16:00:00,49
2002-11-10 16:00:00,49
2002-11-11 16:00:00,56
2002-11-12 16:00:00,60
2002-11-13 16:00:00,60
2002-11-14 16:00:00,64
2002-11-15 16:00:00,64
2002-11-16 16:00:00,79
2002-11-17 16:00:00,83
2002-11-18 16:00:00,90
2002-11-19 16:00:00,90
2002-11-20 16:00:00,90
2002-11-21 16:00:00,94
2002-11-22 16:00:00,94
2002-11-23 16:00:00,94
2002-11-24 16:00:00,90
2002-11-25 16:00:00,90
2002-11-26 16:00:00,90
2002-11-27 16:00:00,90
2002-11-28 16:00:00,94
2002-11-29 16:00:00,94
2002-11-30 16:00:00,94
2002-12-01 16:00:00,94
2002-12-02 16:00:00,90
2002-12-03 16:00:00,94
2002-12-04 16:00:00,94
2002-12-05 16:00:00,90
2002-12-06 16:00:00,90
2002-12-07 16:00:00,86
2002-12-08 16:00:00,90
2002-12-09 16:00:00,90
2002-12-10 16:00:00,90
2002-12-11 16:00:00,90
2002-12-12 16:00:00,101
2002-12-13 16:00:00,109
2002-12-14 16:00:00,128
2002-12-15 16:00:00,143
2002-12-16 16:00:00,154
2002-12-17 16:00:00,191
2002-12-18 16:00:00,191
2002-12-19 16:00:00,191
2002-12-20 16:00:00,191
2002-12-21 16:00:00,191
2002-12-22 16:00:00,191
2002-12-23 16:00:00,191
2002-12-24 16:00:00,191
2002-12-25 16:00:00,198
2002-12-26 16:00:00,198
2002-12-27 16:00:00,206
2002-12-28 16:00:00,213
2002-12-29 16:00:00,217
2002-12-30 16:00:00,221
2002-12-31 16:00:00,221
2003-01-01 16:00:00,225
2003-01-02 16:00:00,251
2003-01-03 16:00:00,251
2003-01-04 16:00:00,258
2003-01-05 16:00:00,258
2003-01-06 16:00:00,258
2003-01-07 16:00:00,258
2003-01-08 16:00:00,258
2003-01-09 16:00:00,258
2003-01-10 16:00:00,258
2003-01-11 16:00:00,262
2003-01-12 16:00:00,273
2003-01-13 16:00:00,273
2003-01-14 16:00:00,277
2003-01-15 16:00:00,277
2003-01-16 16:00:00,277
2003-01-17 16:00:00,277
2003-01-18 16:00:00,277
2003-01-19 16:00:00,281
2003-01-20 16:00:00,281
2003-01-21 16:00:00,281
2003-01-22 16:00:00,285
2003-01-23 16:00:00,296
2003-01-24 16:00:00,300
2003-01-25 16:00:00,315
2003-01-26 16:00:00,330
2003-01-27 16:00:00,330
2003-01-28 16:00:00,330
2003-01-29 16:00:00,333
2003-01-30 16:00:00,341
2003-01-31 16:00:00,348
2003-02-01 16:00:00,348
2003-02-02 16:00:00,352
2003-02-03 16:00:00,352
2003-02-04 16:00:00,352
2003-02-05 16:00:00,352
2003-02-06 16:00:00,352
2003-02-07 16:00:00,352
2003-02-08 16:00:00,352
2003-02-09 16:00:00,352
2003-02-10 16:00:00,352
2003-02-11 16:00:00,352
2003-02-12 16:00:00,352
2003-02-13 16:00:00,352
2003-02-14 16:00:00,352
2003-02-15 16:00:00,360
2003-02-16 16:00:00,371
2003-02-17 16:00:00,371
2003-02-18 16:00:00,375
2003-02-19 16:00:00,378
2003-02-20 16:00:00,386
2003-02-21 16:00:00,397
2003-02-22 16:00:00,405
2003-02-23 16:00:00,408
2003-02-24 16:00:00,408
2003-02-25 16:00:00,408
2003-02-26 16:00:00,408
2003-02-27 16:00:00,412
2003-02-28 16:00:00,412
2003-03-01 16:00:00,416
2003-03-02 16:00:00,416
2003-03-03 16:00:00,420
2003-03-04 16:00:00,427
2003-03-05 16:00:00,438
2003-03-06 16:00:00,446
2003-03-07 16:00:00,446
2003-03-08 16:00:00,450
2003-03-09 16:00:00,453
2003-03-10 16:00:00,472
2003-03-11 16:00:00,487
2003-03-12 16:00:00,532
2003-03-13 16:00:00,570
2003-03-14 16:00:00,573
2003-03-15 16:00:00,577
2003-03-16 16:00:00,577
2003-03-17 16:00:00,581
2003-03-18 16:00:00,585
2003-03-19 16:00:00,588
2003-03-20 16:00:00,592
2003-03-21 16:00:00,600
2003-03-22 16:00:00,615
2003-03-23 16:00:00,622
2003-03-24 16:00:00,626
2003-03-25 16:00:00,626
2003-03-26 16:00:00,622
2003-03-27 16:00:00,622
2003-03-28 16:00:00,626
2003-03-29 16:00:00,630
2003-03-30 16:00:00,645
2003-03-31 16:00:00,652
2003-04-01 16:00:00,652
2003-04-02 16:00:00,660
2003-04-03 16:00:00,663
2003-04-04 16:00:00,667
2003-04-05 16:00:00,667
2003-04-06 16:00:00,667
2003-04-07 16:00:00,667
2003-04-08 16:00:00,675
2003-04-09 16:00:00,682
2003-04-10 16:00:00,682
2003-04-11 16:00:00,686
2003-04-12 16:00:00,686
2003-04-13 16:00:00,693
2003-04-14 16:00:00,705
2003-04-15 16:00:00,708
2003-04-16 16:00:00,716
2003-04-17 16:00:00,735
2003-04-18 16:00:00,746
2003-04-19 16:00:00,746
2003-04-20 16:00:00,750
2003-04-21 16:00:00,750
2003-04-22 16:00:00,750
2003-04-23 16:00:00,750
2003-04-24 16:00:00,765
2003-04-25 16:00:00,791
2003-04-26 16:00:00,791
2003-04-27 16:00:00,791
2003-04-28 16:00:00,794
2003-04-29 16:00:00,787
2003-04-30 16:00:00,780
2003-05-01 16:00:00,783
2003-05-02 16:00:00,794
2003-05-03 16:00:00,825
2003-05-04 16:00:00,847
2003-05-05 16:00:00,870
2003-05-06 16:00:00,873
2003-05-07 16:00:00,870
2003-05-08 16:00:00,873
2003-05-09 16:00:00,873
2003-05-10 16:00:00,873
2003-05-11 16:00:00,870
2003-05-12 16:00:00,870
2003-05-13 16:00:00,870
2003-05-14 16:00:00,873
2003-05-15 16:00:00,884
2003-05-16 16:00:00,900
2003-05-17 16:00:00,903
2003-05-18 16:00:00,907
2003-05-19 16:00:00,911
2003-05-20 16:00:00,911
2003-05-21 16:00:00,911
2003-05-22 16:00:00,907
2003-05-23 16:00:00,900
2003-05-24 16:00:00,877
2003-05-25 16:00:00,847
2003-05-26 16:00:00,817
2003-05-27 16:00:00,802
2003-05-28 16:00:00,776
2003-05-29 16:00:00,742
2003-05-30 16:00:00,701
2003-05-31 16:00:00,675
2003-06-01 16:00:00,648
2003-06-02 16:00:00,633
2003-06-03 16:00:00,611
2003-06-04 16:00:00,588
2003-06-05 16:00:00,570
2003-06-06 16:00:00,547
2003-06-07 16:00:00,521
2003-06-08 16:00:00,502
2003-06-09 16:00:00,487
2003-06-10 16:00:00,461
2003-06-11 16:00:00,450
2003-06-12 16:00:00,431
2003-06-13 16:00:00,408
2003-06-14 16:00:00,393
2003-06-15 16:00:00,375
2003-06-16 16:00:00,345
2003-06-17 16:00:00,307
2003-06-18 16:00:00,262
2003-06-19 16:00:00,232
2003-06-20 16:00:00,217
2003-06-21 16:00:00,232
2003-06-22 16:00:00,243
2003-06-23 16:00:00,232
2003-06-24 16:00:00,221
2003-06-25 16:00:00,202
2003-06-26 16:00:00,176
2003-06-27 16:00:00,131
2003-06-28 16:00:00,86
2003-06-29 16:00:00,41
2003-06-30 16:00:00,22
2003-07-01 16:00:00,18
2003-07-02 16:00:00,15
2003-07-03 16:00:00,7
2003-07-04 16:00:00,7
2003-07-05 16:00:00,3
2003-07-06 16:00:00,0
2003-07-07 16:00:00,0
2003-07-08 16:00:00,0
2003-07-09 16:00:00,0
2003-07-10 16:00:00,0
2003-07-11 16:00:00,0
2003-07-12 16:00:00,0
2003-07-13 16:00:00,0
2003-07-14 16:00:00,0
2003-07-15 16:00:00,0
2003-07-16 16:00:00,0
2003-07-17 16:00:00,0
2003-07-18 16:00:00,0
2003-07-19 16:00:00,0
2003-07-20 16:00:00,0
2003-07-21 16:00:00,0
2003-07-22 16:00:00,0
2003-07-23 16:00:00,0
2003-07-24 16:00:00,0
2003-07-25 16:00:00,0
2003-07-26 16:00:00,0
2003-07-27 16:00:00,0
2003-07-28 16:00:00,0
2003-07-29 16:00:00,0
2003-07-30 16:00:00,0
2003-07-31 16:00:00,0
2003-08-01 16:00:00,0
2003-08-02 16:00:00,0
2003-08-03 16:00:00,0
2003-08-04 16:00:00,0
2003-08-05 16:00:00,0
2003-08-06 16:00:00,0
2003-08-07 16:00:00,0
2003-08-08 16:00:00,0
2003-08-09 16:00:00,0
2003-08-10 16:00:00,0
2003-08-11 16:00:00,0
2003-08-12 16:00:00,0
2003-08-13 16:00:00,0
2003-08-14 16:00:00,0
2003-08-15 16:00:00,0
2003-08-16 16:00:00,0
2003-08-17 16:00:00,0
2003-08-18 16:00:00,0
2003-08-19 16:00:00,0
2003-08-20 16:00:00,0
2003-08-21 16:00:00,0
2003-08-22 16:00:00,0
2003-08-23 16:00:00,0
2003-08-24 16:00:00,0
2003-08-25 16:00:00,0
2003-08-26 16:00:00,0
2003-08-27 16:00:00,0
2003-08-28 16:00:00,0
2003-08-29 16:00:00,0
2003-08-30 16:00:00,0
2003-08-31 16:00:00,0
2003-09-01 16:00:00,0
2003-09-02 16:00:00,0
2003-09-03 16:00:00,0
2003-09-04 16:00:00,0
2003-09-05 16:00:00,0
2003-09-06 16:00:00,0
2003-09-07 16:00:00,0
2003-09-08 16:00:00,0
2003-09-09 16:00:00,0
2003-09-10 16:00:00,0
2003-09-11 16:00:00,0
2003-09-12 16:00:00,0
2003-09-13 16:00:00,0
2003-09-14 16:00:00,0
2003-09-15 16:00:00,0
2003-09-16 16:00:00,3
2003-09-17 16:00:00,3
2003-09-18 16:00:00,7
2003-09-19 16:00:00,0
2003-09-20 16:00:00,0
2003-09-21 16:00:00,0
2003-09-22 16:00:00,0
2003-09-23 16:00:00,0
2003-09-24 16:00:00,0
2003-09-25 16:00:00,0
2003-09-26 16:00:00,0
2003-09-27 16:00:00,0
2003-09-28 16:00:00,0
2003-09-29 16:00:00,0
2003-09-30 16:00:00,0
2003-10-01 16:00:00,3.75
2003-10-02 16:00:00,3.75
2003-10-03 16:00:00,3.75
2003-10-04 16:00:00,3.75
2003-10-05 16:00:00,3.75
2003-10-06 16:00:00,3.75
2003-10-07 16:00:00,3.75
2003-10-08 16:00:00,3.75
2003-10-09 16:00:00,11.25
2003-10-10 16:00:00,15
2003-10-11 16:00:00,15
2003-10-12 16:00:00,18.75
2003-10-13 16:00:00,30
2003-10-14 16:00:00,30
2003-10-15 16:00:00,30
2003-10-16 16:00:00,41.02916666614716
2003-10-17 16:00:00,63.75
2003-10-18 16:00:00,56.25
2003-10-19 16:00:00,52.5
2003-10-20 16:00:00,56.25
2003-10-21 16:00:00,41.47083333385284
2003-10-22 16:00:00,33.97083333385284
2003-10-23 16:00:00,37.5
2003-10-24 16:00:00,37.5
2003-10-25 16:00:00,37.5
2003-10-26 16:00:00,37.5
2003-10-27 16:00:00,37.5
2003-10-28 16:00:00,56.25
2003-10-29 16:00:00,71.25
2003-10-30 16:00:00,71.25
2003-10-31 16:00:00,75
2003-11-01 16:00:00,75
2003-11-02 16:00:00,75
2003-11-03 16:00:00,75
2003-11-04 16:00:00,78.75
2003-11-05 16:00:00,82.5
2003-11-06 16:00:00,86.25
2003-11-07 16:00:00,86.25
2003-11-08 16:00:00,86.25
2003-11-09 16:00:00,86.25
2003-11-10 16:00:00,101.25
2003-11-11 16:00:00,116.25
2003-11-12 16:00:00,116.25
2003-11-13 16:00:00,120
2003-11-14 16:00:00,120
2003-11-15 16:00:00,120
2003-11-16 16:00:00,120
2003-11-17 16:00:00,127.27812499985322
2003-11-18 16:00:00,153.75
2003-11-19 16:00:00,191.25
2003-11-20 16:00:00,195
2003-11-21 16:00:00,195
2003-11-22 16:00:00,195
2003-11-23 16:00:00,195
2003-11-24 16:00:00,202.5
2003-11-25 16:00:00,206.25
2003-11-26 16:00:00,206.25
2003-11-27 16:00:00,210
2003-11-28 16:00:00,228.75
2003-11-29 16:00:00,247.5
2003-11-30 16:00:00,251.25000000000003
2003-12-01 16:00:00,251.25000000000003
2003-12-02 16:00:00,251.25000000000003
2003-12-03 16:00:00,262.5
2003-12-04 16:00:00,262.5
2003-12-05 16:00:00,273.75
2003-12-06 16:00:00,288.75
2003-12-07 16:00:00,288.75
2003-12-08 16:00:00,288.75
2003-12-09 16:00:00,288.75
2003-12-10 16:00:00,288.75
2003-12-11 16:00:00,288.75
2003-12-12 16:00:00,290
2003-12-13 16:00:00,291.25
2003-12-14 16:00:00,292.5
2003-12-15 16:00:00,292.5
2003-12-16 16:00:00,296.25
2003-12-17 16:00:00,303.75
2003-12-18 16:00:00,303.75
2003-12-19 16:00:00,303.75
2003-12-20 16:00:00,307.5
2003-12-21 16:00:00,307.5
2003-12-22 16:00:00,307.5
2003-12-23 16:00:00,307.5
2003-12-24 16:00:00,307.5
2003-12-25 16:00:00,307.5
2003-12-26 16:00:00,311.25
2003-12-27 16:00:00,311.25
2003-12-28 16:00:00,311.25
2003-12-29 16:00:00,311.25
2003-12-30 16:00:00,311.25
2003-12-31 16:00:00,311.12546614156844
2004-01-01 16:00:00,312.0940996061763
2004-01-02 16:00:00,313.06273307078425
2004-01-03 16:00:00,314.0313665353921
2004-01-04 16:00:00,315
2004-01-05 16:00:00,315
2004-01-06 16:00:00,315
2004-01-07 16:00:00,315
2004-01-08 16:00:00,318.75
2004-01-09 16:00:00,322.5
2004-01-10 16:00:00,326.25
2004-01-11 16:00:00,326.25
2004-01-12 16:00:00,326.25
2004-01-13 16:00:00,330
2004-01-14 16:00:00,330
2004-01-15 16:00:00,337.5
2004-01-16 16:00:00,337.5
2004-01-17 16:00:00,337.5
2004-01-18 16:00:00,337.5
2004-01-19 16:00:00,337.5
2004-01-20 16:00:00,337.5
2004-01-21 16:00:00,337.5
2004-01-22 16:00:00,341.25
2004-01-23 16:00:00,341.25
2004-01-24 16:00:00,352.5
2004-01-25 16:00:00,356.25
2004-01-26 16:00:00,356.25
2004-01-27 16:00:00,363.75
2004-01-28 16:00:00,386.25
2004-01-29 16:00:00,397.2760416666876
2004-01-30 16:00:00,438.5260416666876
2004-01-31 16:00:00,442.5
2004-02-01 16:00:00,446.25
2004-02-02 16:00:00,446.25
2004-02-03 16:00:00,446.25
2004-02-04 16:00:00,446.25
2004-02-05 16:00:00,446.25
2004-02-06 16:00:00,450
2004-02-07 16:00:00,446.25
2004-02-08 16:00:00,446.25
2004-02-09 16:00:00,450
2004-02-10 16:00:00,450
2004-02-11 16:00:00,450
2004-02-12 16:00:00,450
2004-02-13 16:00:00,454.3085106382979
2004-02-14 16:00:00,458.6170212765957
2004-02-15 16:00:00,462.9255319148936
2004-02-16 16:00:00,467.2340425531915
2004-02-17 16:00:00,471.54255319148933
2004-02-18 16:00:00,475.8510638297872
2004-02-19 16:00:00,480.1595744680851
2004-02-20 16:00:00,484.468085106383
2004-02-21 16:00:00,488.77659574468083
2004-02-22 16:00:00,493.0851063829787
2004-02-23 16:00:00,497.3936170212766
2004-02-24 16:00:00,501.70212765957444
2004-02-25 16:00:00,506.0106382978723
2004-02-26 16:00:00,510.3191489361702
2004-02-27 16:00:00,514.6276595744681
2004-02-28 16:00:00,518.936170212766
2004-02-29 16:00:00,523.2446808510638
2004-03-01 16:00:00,527.5531914893617
2004-03-02 16:00:00,531.8617021276596
2004-03-03 16:00:00,536.1702127659574
2004-03-04 16:00:00,540.4787234042553
2004-03-05 16:00:00,544.7872340425532
2004-03-06 16:00:00,549.0957446808511
2004-03-07 16:00:00,553.4042553191489
2004-03-08 16:00:00,557.7127659574468
2004-03-09 16:00:00,562.0212765957447
2004-03-10 16:00:00,566.3297872340426
2004-03-11 16:00:00,570.6382978723404
2004-03-12 16:00:00,574.9468085106383
2004-03-13 16:00:00,579.2553191489362
2004-03-14 16:00:00,583.563829787234
2004-03-15 16:00:00,587.8723404255319
2004-03-16 16:00:00,592.1808510638298
2004-03-17 16:00:00,596.4893617021277
2004-03-18 16:00:00,600.7978723404256
2004-03-19 16:00:00,605.1063829787234
2004-03-20 16:00:00,609.4148936170213
2004-03-21 16:00:00,613.7234042553191
2004-03-22 16:00:00,618.031914893617
2004-03-23 16:00:00,622.3404255319149
2004-03-24 16:00:00,626.6489361702128
2004-03-25 16:00:00,630.9574468085107
2004-03-26 16:00:00,635.2659574468086
2004-03-27 16:00:00,639.5744680851063
2004-03-28 16:00:00,643.8829787234042
2004-03-29 16:00:00,648.1914893617021
2004-03-30 16:00:00,652.5
2004-03-31 16:00:00,656.25
2004-04-01 16:00:00,656.25
2004-04-02 16:00:00,656.25
2004-04-03 16:00:00,663.75
2004-04-04 16:00:00,660
2004-04-05 16:00:00,659.7833333330947
2004-04-06 16:00:00,656.25
2004-04-07 16:00:00,656.25
2004-04-08 16:00:00,660
2004-04-09 16:00:00,663.75
2004-04-10 16:00:00,663.75
2004-04-11 16:00:00,663.75
2004-04-12 16:00:00,663.75
2004-04-13 16:00:00,660
2004-04-14 16:00:00,674.7833333330947
2004-04-15 16:00:00,678.75
2004-04-16 16:00:00,682.5
2004-04-17 16:00:00,686.25
2004-04-18 16:00:00,690
2004-04-19 16:00:00,693.75
2004-04-20 16:00:00,697.5
2004-04-21 16:00:00,697.5
2004-04-22 16:00:00,697.5
2004-04-23 16:00:00,701.25
2004-04-24 16:00:00,701.25
2004-04-25 16:00:00,701.25
2004-04-26 16:00:00,701.25
2004-04-27 16:00:00,705
2004-04-28 16:00:00,697.5
2004-04-29 16:00:00,693.75
2004-04-30 16:00:00,678.75
2004-05-01 16:00:00,663.75
2004-05-02 16:00:00,648.75
2004-05-03 16:00:00,633.965624999995
2004-05-04 16:00:00,626.25
2004-05-05 16:00:00,633.75
2004-05-06 16:00:00,641.25
2004-05-07 16:00:00,637.5
2004-05-08 16:00:00,637.5
2004-05-09 16:00:00,660
2004-05-10 16:00:00,671.25
2004-05-11 16:00:00,671.25
2004-05-12 16:00:00,675
2004-05-13 16:00:00,678.75
2004-05-14 16:00:00,682.5
2004-05-15 16:00:00,686.25
2004-05-16 16:00:00,682.5
2004-05-17 16:00:00,660.215624999995
2004-05-18 16:00:00,641.465624999995
2004-05-19 16:00:00,618.965624999995
2004-05-20 16:00:00,607.715624999995
2004-05-21 16:00:00,600.215624999995
2004-05-22 16:00:00,603.75
2004-05-23 16:00:00,603.75
2004-05-24 16:00:00,603.75
2004-05-25 16:00:00,600
2004-05-26 16:00:00,596.25
2004-05-27 16:00:00,585.215624999995
2004-05-28 16:00:00,581.25
2004-05-29 16:00:00,577.715624999995
2004-05-30 16:00:00,577.284375000005
2004-05-31 16:00:00,570.215624999995
2004-06-01 16:00:00,562.5
2004-06-02 16:00:00,551.25
2004-06-03 16:00:00,532.5
2004-06-04 16:00:00,498.75
2004-06-05 16:00:00,480
2004-06-06 16:00:00,461.25
2004-06-07 16:00:00,450
2004-06-08 16:00:00,431.25
2004-06-09 16:00:00,405
2004-06-10 16:00:00,375.21458333370225
2004-06-11 16:00:00,345.21458333370225
2004-06-12 16:00:00,318.96458333370225
2004-06-13 16:00:00,300
2004-06-14 16:00:00,292.5
2004-06-15 16:00:00,292.5
2004-06-16 16:00:00,273.75
2004-06-17 16:00:00,243.96458333370222
2004-06-18 16:00:00,206.46458333370222
2004-06-19 16:00:00,168.75
2004-06-20 16:00:00,131.25
2004-06-21 16:00:00,82.71458333370222
2004-06-22 16:00:00,45.21458333370222
2004-06-23 16:00:00,30
2004-06-24 16:00:00,18.75
2004-06-25 16:00:00,11.25
2004-06-26 16:00:00,7.5
2004-06-27 16:00:00,3.75
2004-06-28 16:00:00,3.75
2004-06-29 16:00:00,3.75
2004-06-30 16:00:00,3.75
2004-07-01 16:00:00,3.75
2004-07-02 16:00:00,3.75
2004-07-03 16:00:00,3.75
2004-07-04 16:00:00,3.75
2004-07-05 16:00:00,3.75
2004-07-06 16:00:00,3.75
2004-07-07 16:00:00,3.75
2004-07-08 16:00:00,3.75
2004-07-09 16:00:00,3.75
2004-07-10 16:00:00,3.75
2004-07-11 16:00:00,3.75
2004-07-12 16:00:00,3.75
2004-07-13 16:00:00,3.75
2004-07-14 16:00:00,3.75
2004-07-15 16:00:00,3.75
2004-07-16 16:00:00,3.75
2004-07-17 16:00:00,3.75
2004-07-18 16:00:00,3.75
2004-07-19 16:00:00,3.75
2004-07-20 16:00:00,3.75
2004-07-21 16:00:00,3.75
2004-07-22 16:00:00,3.75
2004-07-23 16:00:00,3.75
2004-07-24 16:00:00,3.75
2004-07-25 16:00:00,3.75
2004-07-26 16:00:00,3.75
2004-07-27 16:00:00,3.75
2004-07-28 16:00:00,3.75
2004-07-29 16:00:00,3.75
2004-07-30 16:00:00,3.75
2004-07-31 16:00:00,3.75
2004-08-01 16:00:00,3.75
2004-08-02 16:00:00,3.75
2004-08-03 16:00:00,3.75
2004-08-04 16:00:00,3.75
2004-08-05 16:00:00,3.75
2004-08-06 16:00:00,3.75
2004-08-07 16:00:00,3.75
2004-08-08 16:00:00,3.75
2004-08-09 16:00:00,3.75
2004-08-10 16:00:00,3.75
2004-08-11 16:00:00,3.75
2004-08-12 16:00:00,3.75
2004-08-13 16:00:00,3.75
2004-08-14 16:00:00,3.75
2004-08-15 16:00:00,3.75
2004-08-16 16:00:00,3.75
2004-08-17 16:00:00,3.75
2004-08-18 16:00:00,3.75
2004-08-19 16:00:00,3.75
2004-08-20 16:00:00,3.75
2004-08-21 16:00:00,3.75
2004-08-22 16:00:00,3.75
2004-08-23 16:00:00,3.75
2004-08-24 16:00:00,3.75
2004-08-25 16:00:00,3.75
2004-08-26 16:00:00,3.75
2004-08-27 16:00:00,3.75
2004-08-28 16:00:00,3.75
2004-08-29 16:00:00,3.75
2004-08-30 16:00:00,3.75
2004-08-31 16:00:00,3.75
2004-09-01 16:00:00,3.75
2004-09-02 16:00:00,18.53750000008076
2004-09-03 16:00:00,18.75
2004-09-04 16:00:00,7.7124999999192365
2004-09-05 16:00:00,3.75
2004-09-06 16:00:00,3.75
2004-09-07 16:00:00,3.75
2004-09-08 16:00:00,3.75
2004-09-09 16:00:00,3.75
2004-09-10 16:00:00,3.75
2004-09-11 16:00:00,3.75
2004-09-12 16:00:00,3.75
2004-09-13 16:00:00,7.5
2004-09-14 16:00:00,3.75
2004-09-15 16:00:00,3.75
2004-09-16 16:00:00,3.75
2004-09-17 16:00:00,15
2004-09-18 16:00:00,41.25
2004-09-19 16:00:00,41.25
2004-09-20 16:00:00,41.25
2004-09-21 16:00:00,41.25
2004-09-22 16:00:00,33.96145833366384
2004-09-23 16:00:00,30
2004-09-24 16:00:00,22.5
2004-09-25 16:00:00,11.25
2004-09-26 16:00:00,3.75
2004-09-27 16:00:00,3.75
2004-09-28 16:00:00,3.75
2004-09-29 16:00:00,5.284090909090909
2004-09-30 16:00:00,6.818181818181818
2004-10-01 16:00:00,8.352272727272727
2004-10-02 16:00:00,9.886363636363637
2004-10-03 16:00:00,11.420454545454547
2004-10-04 16:00:00,12.954545454545455
2004-10-05 16:00:00,14.488636363636363
2004-10-06 16:00:00,16.022727272727273
2004-10-07 16:00:00,17.55681818181818
2004-10-08 16:00:00,19.090909090909093
2004-10-09 16:00:00,20.625
2004-10-10 16:00:00,22.159090909090907
2004-10-11 16:00:00,23.69318181818182
2004-10-12 16:00:00,25.227272727272727
2004-10-13 16:00:00,26.761363636363637
2004-10-14 16:00:00,28.295454545454547
2004-10-15 16:00:00,29.829545454545453
2004-10-16 16:00:00,31.363636363636363
2004-10-17 16:00:00,32.89772727272727
2004-10-18 16:00:00,34.43181818181818
2004-10-19 16:00:00,35.96590909090909
2004-10-20 16:00:00,37.5
2004-10-21 16:00:00,45
2004-10-22 16:00:00,49.285714285714285
2004-10-23 16:00:00,53.57142857142857
2004-10-24 16:00:00,57.85714285714286
2004-10-25 16:00:00,62.14285714285714
2004-10-26 16:00:00,66.42857142857143
2004-10-27 16:00:00,70.71428571428571
2004-10-28 16:00:00,75
2004-10-29 16:00:00,75
2004-10-30 16:00:00,82.5
2004-10-31 16:00:00,86.25
2004-11-01 16:00:00,89.78124999992906
2004-11-02 16:00:00,108.75
2004-11-03 16:00:00,108.75
2004-11-04 16:00:00,108.75
2004-11-05 16:00:00,112.5
2004-11-06 16:00:00,120
2004-11-07 16:00:00,127.5
2004-11-08 16:00:00,127.5
2004-11-09 16:00:00,127.5
2004-11-10 16:00:00,131.03124999992906
2004-11-11 16:00:00,127.5
2004-11-12 16:00:00,127.5
2004-11-13 16:00:00,123.75
2004-11-14 16:00:00,123.75
2004-11-15 16:00:00,131.25
2004-11-16 16:00:00,131.25
2004-11-17 16:00:00,135
2004-11-18 16:00:00,142.5
2004-11-19 16:00:00,146.25
2004-11-20 16:00:00,146.25
2004-11-21 16:00:00,146.25
2004-11-22 16:00:00,150
2004-11-23 16:00:00,150
2004-11-24 16:00:00,157.5
2004-11-25 16:00:00,165
2004-11-26 16:00:00,165
2004-11-27 16:00:00,168.75
2004-11-28 16:00:00,168.75
2004-11-29 16:00:00,168.75
2004-11-30 16:00:00,168.75
2004-12-01 16:00:00,172.5
2004-12-02 16:00:00,180
2004-12-03 16:00:00,183.75
2004-12-04 16:00:00,187.5
2004-12-05 16:00:00,202.28229166622248
2004-12-06 16:00:00,202.5
2004-12-07 16:00:00,206.25
2004-12-08 16:00:00,210
2004-12-09 16:00:00,210
2004-12-10 16:00:00,225
2004-12-11 16:00:00,262.5
2004-12-12 16:00:00,262.5
2004-12-13 16:00:00,262.5
2004-12-14 16:00:00,266.25
2004-12-15 16:00:00,270
2004-12-16 16:00:00,270
2004-12-17 16:00:00,270
2004-12-18 16:00:00,270
2004-12-19 16:00:00,296.0322916662225
2004-12-20 16:00:00,303.75
2004-12-21 16:00:00,307.5
2004-12-22 16:00:00,307.5
2004-12-23 16:00:00,307.5
2004-12-24 16:00:00,307.5
2004-12-25 16:00:00,307.5
2004-12-26 16:00:00,322.5
2004-12-27 16:00:00,326.25
2004-12-28 16:00:00,326.25
2004-12-29 16:00:00,326.25
2004-12-30 16:00:00,330
2004-12-31 16:00:00,333.8745447892517
2005-01-01 16:00:00,333.8434085919388
2005-01-02 16:00:00,333.81227239462584
2005-01-03 16:00:00,333.7811361973129
2005-01-04 16:00:00,333.75
2005-01-05 16:00:00,333.75
2005-01-06 16:00:00,337.5
2005-01-07 16:00:00,345
2005-01-08 16:00:00,348.75
2005-01-09 16:00:00,352.5
2005-01-10 16:00:00,352.5
2005-01-11 16:00:00,352.5
2005-01-12 16:00:00,360
2005-01-13 16:00:00,360
2005-01-14 16:00:00,360
2005-01-15 16:00:00,360
2005-01-16 16:00:00,360
2005-01-17 16:00:00,367.5
2005-01-18 16:00:00,382.5
2005-01-19 16:00:00,423.75
2005-01-20 16:00:00,446.25
2005-01-21 16:00:00,457.5
2005-01-22 16:00:00,465
2005-01-23 16:00:00,472.5
2005-01-24 16:00:00,472.5
2005-01-25 16:00:00,483.75
2005-01-26 16:00:00,483.75
2005-01-27 16:00:00,480
2005-01-28 16:00:00,480
2005-01-29 16:00:00,480
2005-01-30 16:00:00,480
2005-01-31 16:00:00,483.75
2005-02-01 16:00:00,483.75
2005-02-02 16:00:00,483.75
2005-02-03 16:00:00,487.5
2005-02-04 16:00:00,509.7822916662225
2005-02-05 16:00:00,517.5
2005-02-06 16:00:00,521.25
2005-02-07 16:00:00,525
2005-02-08 16:00:00,525
2005-02-09 16:00:00,525
2005-02-10 16:00:00,525
2005-02-11 16:00:00,528.75
2005-02-12 16:00:00,528.75
2005-02-13 16:00:00,528.75
2005-02-14 16:00:00,528.75
2005-02-15 16:00:00,528.75
2005-02-16 16:00:00,532.5
2005-02-17 16:00:00,532.5
2005-02-18 16:00:00,531.6166666667264
2005-02-19 16:00:00,530.7333333334527
2005-02-20 16:00:00,529.850000000179
2005-02-21 16:00:00,528.9666666669053
2005-02-22 16:00:00,528.75
2005-02-23 16:00:00,532.5
2005-02-24 16:00:00,532.5
2005-02-25 16:00:00,532.5
2005-02-26 16:00:00,532.5
2005-02-27 16:00:00,532.5
2005-02-28 16:00:00,536.25
2005-03-01 16:00:00,536.25
2005-03-02 16:00:00,536.25
2005-03-03 16:00:00,536.25
2005-03-04 16:00:00,536.25
2005-03-05 16:00:00,540
2005-03-06 16:00:00,540
2005-03-07 16:00:00,547.5
2005-03-08 16:00:00,547.5
2005-03-09 16:00:00,551.25
2005-03-10 16:00:00,555
2005-03-11 16:00:00,566.25
2005-03-12 16:00:00,562.5
2005-03-13 16:00:00,566.25
2005-03-14 16:00:00,570
2005-03-15 16:00:00,573.75
2005-03-16 16:00:00,581.25
2005-03-17 16:00:00,581.25
2005-03-18 16:00:00,585
2005-03-19 16:00:00,588.75
2005-03-20 16:00:00,592.5
2005-03-21 16:00:00,596.25
2005-03-22 16:00:00,607.5
2005-03-23 16:00:00,607.5
2005-03-24 16:00:00,607.5
2005-03-25 16:00:00,607.5
2005-03-26 16:00:00,615
2005-03-27 16:00:00,618.75
2005-03-28 16:00:00,630
2005-03-29 16:00:00,630
2005-03-30 16:00:00,626.25
2005-03-31 16:00:00,633.75
2005-04-01 16:00:00,648.75
2005-04-02 16:00:00,648.75
2005-04-03 16:00:00,648.9666666669053
2005-04-04 16:00:00,645
2005-04-05 16:00:00,645
2005-04-06 16:00:00,648.75
2005-04-07 16:00:00,656.25
2005-04-08 16:00:00,656.25
2005-04-09 16:00:00,656.0333333330947
2005-04-10 16:00:00,656.0333333330947
2005-04-11 16:00:00,663.75
2005-04-12 16:00:00,667.5
2005-04-13 16:00:00,667.5
2005-04-14 16:00:00,671.25
2005-04-15 16:00:00,671.25
2005-04-16 16:00:00,682.5
2005-04-17 16:00:00,697.5
2005-04-18 16:00:00,693.75
2005-04-19 16:00:00,693.75
2005-04-20 16:00:00,690
2005-04-21 16:00:00,682.5
2005-04-22 16:00:00,682.7177083337775
2005-04-23 16:00:00,671.4677083337775
2005-04-24 16:00:00,660.2177083337775
2005-04-25 16:00:00,648.9677083337775
2005-04-26 16:00:00,637.7177083337775
2005-04-27 16:00:00,633.75
2005-04-28 16:00:00,633.75
2005-04-29 16:00:00,626.25
2005-04-30 16:00:00,626.25
2005-05-01 16:00:00,618.75
2005-05-02 16:00:00,618.75
2005-05-03 16:00:00,607.2822916662225
2005-05-04 16:00:00,607.5
2005-05-05 16:00:00,600.2177083337775
2005-05-06 16:00:00,590.6794270833697
2005-05-07 16:00:00,573.75
2005-05-08 16:00:00,570
2005-05-09 16:00:00,562.5
2005-05-10 16:00:00,555
2005-05-11 16:00:00,543.75
2005-05-12 16:00:00,528.75
2005-05-13 16:00:00,502.71770833377747
2005-05-14 16:00:00,487.5
2005-05-15 16:00:00,465.1088541667393
2005-05-16 16:00:00,442.5
2005-05-17 16:00:00,435.2177083337775
2005-05-18 16:00:00,430.20967261907487
2005-05-19 16:00:00,427.5
2005-05-20 16:00:00,427.5
2005-05-21 16:00:00,431.25
2005-05-22 16:00:00,427.5
2005-05-23 16:00:00,427.5
2005-05-24 16:00:00,423.75
2005-05-25 16:00:00,416.4677083337775
2005-05-26 16:00:00,393.9677083337775
2005-05-27 16:00:00,367.7177083337775
2005-05-28 16:00:00,337.7177083337775
2005-05-29 16:00:00,303.9677083337775
2005-05-30 16:00:00,270.2177083337775
2005-05-31 16:00:00,236.46666666690533
2005-06-01 16:00:00,217.5
2005-06-02 16:00:00,191.46770833377752
2005-06-03 16:00:00,168.75
2005-06-04 16:00:00,142.5
2005-06-05 16:00:00,120.21770833377754
2005-06-06 16:00:00,112.5
2005-06-07 16:00:00,108.75
2005-06-08 16:00:00,86.46770833377754
2005-06-09 16:00:00,67.71770833377754
2005-06-10 16:00:00,48.75
2005-06-11 16:00:00,30.21770833377753
2005-06-12 16:00:00,18.75
2005-06-13 16:00:00,11.25
2005-06-14 16:00:00,7.5
2005-06-15 16:00:00,3.96770833377753
2005-06-16 16:00:00,3.75
2005-06-17 16:00:00,3.75
2005-06-18 16:00:00,37.5
2005-06-19 16:00:00,22.71875000007094
2005-06-20 16:00:00,3.75
2005-06-21 16:00:00,3.75
2005-06-22 16:00:00,0
2005-06-23 16:00:00,0
2005-06-24 16:00:00,0
2005-06-25 16:00:00,0
2005-06-26 16:00:00,0
2005-06-27 16:00:00,0
2005-06-28 16:00:00,0
2005-06-29 16:00:00,0
2005-06-30 16:00:00,0
2005-07-01 16:00:00,0
2005-07-02 16:00:00,0
2005-07-03 16:00:00,0
2005-07-04 16:00:00,0
2005-07-05 16:00:00,0
2005-07-06 16:00:00,0
2005-07-07 16:00:00,0
2005-07-08 16:00:00,0
2005-07-09 16:00:00,0
2005-07-10 16:00:00,0
2005-07-11 16:00:00,0
2005-07-12 16:00:00,0
2005-07-13 16:00:00,0
2005-07-14 16:00:00,0
2005-07-15 16:00:00,0
2005-07-16 16:00:00,0
2005-07-17 16:00:00,0
2005-07-18 16:00:00,0
2005-07-19 16:00:00,0
2005-07-20 16:00:00,0
2005-07-21 16:00:00,0
2005-07-22 16:00:00,0
2005-07-23 16:00:00,0
2005-07-24 16:00:00,0
2005-07-25 16:00:00,0
2005-07-26 16:00:00,0
2005-07-27 16:00:00,0
2005-07-28 16:00:00,0
2005-07-29 16:00:00,0
2005-07-30 16:00:00,0
2005-07-31 16:00:00,0
2005-08-01 16:00:00,0
2005-08-02 16:00:00,0
2005-08-03 16:00:00,0
2005-08-04 16:00:00,0
2005-08-05 16:00:00,0
2005-08-06 16:00:00,0
2005-08-07 16:00:00,0
2005-08-08 16:00:00,0
2005-08-09 16:00:00,0
2005-08-10 16:00:00,0
2005-08-11 16:00:00,0
2005-08-12 16:00:00,0
2005-08-13 16:00:00,0
2005-08-14 16:00:00,0
2005-08-15 16:00:00,0
2005-08-16 16:00:00,0
2005-08-17 16:00:00,0
2005-08-18 16:00:00,0
2005-08-19 16:00:00,0
2005-08-20 16:00:00,0
2005-08-21 16:00:00,0
2005-08-22 16:00:00,0
2005-08-23 16:00:00,15
2005-08-24 16:00:00,3.75
2005-08-25 16:00:00,0
2005-08-26 16:00:00,0
2005-08-27 16:00:00,0
2005-08-28 16:00:00,0
2005-08-29 16:00:00,0
2005-08-30 16:00:00,0
2005-08-31 16:00:00,0
2005-09-01 16:00:00,0
2005-09-02 16:00:00,0
2005-09-03 16:00:00,0
2005-09-04 16:00:00,0
2005-09-05 16:00:00,0
2005-09-06 16:00:00,0
2005-09-07 16:00:00,0
2005-09-08 16:00:00,0
2005-09-09 16:00:00,1.820052083259505
2005-09-10 16:00:00,14.78020833301883
2005-09-11 16:00:00,10.521979166683485
2005-09-12 16:00:00,3.75
2005-09-13 16:00:00,0.21979166698117014
2005-09-14 16:00:00,0
2005-09-15 16:00:00,0
2005-09-16 16:00:00,0
2005-09-17 16:00:00,0
2005-09-18 16:00:00,0
2005-09-19 16:00:00,0
2005-09-20 16:00:00,0
2005-09-21 16:00:00,0
2005-09-22 16:00:00,3.75
2005-09-23 16:00:00,3.75
2005-09-24 16:00:00,3.75
2005-09-25 16:00:00,3.75
2005-09-26 16:00:00,3.75
2005-09-27 16:00:00,3.75
2005-09-28 16:00:00,3.75
2005-09-29 16:00:00,3.75
2005-09-30 16:00:00,3.75
2005-10-01 16:00:00,15
2005-10-02 16:00:00,22.5
2005-10-03 16:00:00,26.25
2005-10-04 16:00:00,26.25
2005-10-05 16:00:00,26.25
2005-10-06 16:00:00,26.25
2005-10-07 16:00:00,37.5
2005-10-08 16:00:00,37.5
2005-10-09 16:00:00,37.5
2005-10-10 16:00:00,37.5
2005-10-11 16:00:00,37.5
2005-10-12 16:00:00,33.75
2005-10-13 16:00:00,37.5
2005-10-14 16:00:00,41.25
2005-10-15 16:00:00,45
2005-10-16 16:00:00,45
2005-10-17 16:00:00,78.53333333309469
2005-10-18 16:00:00,86.25
2005-10-19 16:00:00,90
2005-10-20 16:00:00,101.25
2005-10-21 16:00:00,101.25
2005-10-22 16:00:00,101.25
2005-10-23 16:00:00,101.25
2005-10-24 16:00:00,101.25
2005-10-25 16:00:00,101.46666666690531
2005-10-26 16:00:00,108.75
2005-10-27 16:00:00,105
2005-10-28 16:00:00,108.75
2005-10-29 16:00:00,108.75
2005-10-30 16:00:00,112.5
2005-10-31 16:00:00,120
2005-11-01 16:00:00,135
2005-11-02 16:00:00,142.5
2005-11-03 16:00:00,142.5
2005-11-04 16:00:00,146.25
2005-11-05 16:00:00,146.25
2005-11-06 16:00:00,153.75
2005-11-07 16:00:00,153.75
2005-11-08 16:00:00,157.5
2005-11-09 16:00:00,157.5
2005-11-10 16:00:00,161.25
2005-11-11 16:00:00,172.5
2005-11-12 16:00:00,183.75
2005-11-13 16:00:00,187.5
2005-11-14 16:00:00,191.25
2005-11-15 16:00:00,191.25
2005-11-16 16:00:00,191.25
2005-11-17 16:00:00,191.25
2005-11-18 16:00:00,191.25
2005-11-19 16:00:00,191.25
2005-11-20 16:00:00,191.25
2005-11-21 16:00:00,191.25
2005-11-22 16:00:00,191.25
2005-11-23 16:00:00,191.25
2005-11-24 16:00:00,195
2005-11-25 16:00:00,195
2005-11-26 16:00:00,198.75
2005-11-27 16:00:00,202.5
2005-11-28 16:00:00,202.5
2005-11-29 16:00:00,206.25
2005-11-30 16:00:00,206.25
2005-12-01 16:00:00,206.25
2005-12-02 16:00:00,210
2005-12-03 16:00:00,210
2005-12-04 16:00:00,213.75
2005-12-05 16:00:00,221.25
2005-12-06 16:00:00,221.25
2005-12-07 16:00:00,221.25
2005-12-08 16:00:00,225
2005-12-09 16:00:00,228.75
2005-12-10 16:00:00,228.75
2005-12-11 16:00:00,232.5
2005-12-12 16:00:00,232.5
2005-12-13 16:00:00,236.25
2005-12-14 16:00:00,236.25
2005-12-15 16:00:00,236.25
2005-12-16 16:00:00,236.25
2005-12-17 16:00:00,236.25
2005-12-18 16:00:00,236.25
2005-12-19 16:00:00,236.25
2005-12-20 16:00:00,236.25
2005-12-21 16:00:00,240
2005-12-22 16:00:00,243.75
2005-12-23 16:00:00,247.5
2005-12-24 16:00:00,258.75
2005-12-25 16:00:00,266.25
2005-12-26 16:00:00,266.25
2005-12-27 16:00:00,270
2005-12-28 16:00:00,270
2005-12-29 16:00:00,270
2005-12-30 16:00:00,273.75
2005-12-31 16:00:00,273.79883772910114
2006-01-01 16:00:00,274.7241282968258
2006-01-02 16:00:00,275.64941886455057
2006-01-03 16:00:00,276.5747094322753
2006-01-04 16:00:00,277.5
2006-01-05 16:00:00,281.25
2006-01-06 16:00:00,296.0343750000049
2006-01-07 16:00:00,300
2006-01-08 16:00:00,300
2006-01-09 16:00:00,303.75
2006-01-10 16:00:00,322.5
2006-01-11 16:00:00,330
2006-01-12 16:00:00,333.75
2006-01-13 16:00:00,341.25
2006-01-14 16:00:00,352.5
2006-01-15 16:00:00,352.5
2006-01-16 16:00:00,356.25
2006-01-17 16:00:00,363.75
2006-01-18 16:00:00,363.75
2006-01-19 16:00:00,367.5
2006-01-20 16:00:00,371.25
2006-01-21 16:00:00,371.25
2006-01-22 16:00:00,371.25
2006-01-23 16:00:00,375
2006-01-24 16:00:00,382.5
2006-01-25 16:00:00,386.25
2006-01-26 16:00:00,393.75
2006-01-27 16:00:00,393.75
2006-01-28 16:00:00,397.5
2006-01-29 16:00:00,401.25
2006-01-30 16:00:00,412.5
2006-01-31 16:00:00,420
2006-02-01 16:00:00,427.28541666629775
2006-02-02 16:00:00,431.25
2006-02-03 16:00:00,431.25
2006-02-04 16:00:00,442.5
2006-02-05 16:00:00,442.5
2006-02-06 16:00:00,442.5
2006-02-07 16:00:00,446.25
2006-02-08 16:00:00,450
2006-02-09 16:00:00,450
2006-02-10 16:00:00,450
2006-02-11 16:00:00,450
2006-02-12 16:00:00,450
2006-02-13 16:00:00,457.5
2006-02-14 16:00:00,457.5
2006-02-15 16:00:00,457.5
2006-02-16 16:00:00,457.5
2006-02-17 16:00:00,457.5
2006-02-18 16:00:00,457.5
2006-02-19 16:00:00,457.5
2006-02-20 16:00:00,457.5
2006-02-21 16:00:00,461.25
2006-02-22 16:00:00,472.5
2006-02-23 16:00:00,483.75
2006-02-24 16:00:00,483.75
2006-02-25 16:00:00,483.75
2006-02-26 16:00:00,494.78541666629775
2006-02-27 16:00:00,513.9645833337022
2006-02-28 16:00:00,536.25
2006-03-01 16:00:00,543.5354166662978
2006-03-02 16:00:00,547.5
2006-03-03 16:00:00,551.25
2006-03-04 16:00:00,551.25
2006-03-05 16:00:00,555
2006-03-06 16:00:00,562.5
2006-03-07 16:00:00,573.75
2006-03-08 16:00:00,581.25
2006-03-09 16:00:00,581.25
2006-03-10 16:00:00,581.25
2006-03-11 16:00:00,581.25
2006-03-12 16:00:00,581.25
2006-03-13 16:00:00,581.25
2006-03-14 16:00:00,585
2006-03-15 16:00:00,581.25
2006-03-16 16:00:00,581.25
2006-03-17 16:00:00,588.75
2006-03-18 16:00:00,596.25
2006-03-19 16:00:00,596.25
2006-03-20 16:00:00,600
2006-03-21 16:00:00,600
2006-03-22 16:00:00,596.25
2006-03-23 16:00:00,596.25
2006-03-24 16:00:00,603.75
2006-03-25 16:00:00,607.2854166662978
2006-03-26 16:00:00,600
2006-03-27 16:00:00,603.75
2006-03-28 16:00:00,603.75
2006-03-29 16:00:00,603.75
2006-03-30 16:00:00,603.75
2006-03-31 16:00:00,607.5
2006-04-01 16:00:00,611.25
2006-04-02 16:00:00,611.25
2006-04-03 16:00:00,615
2006-04-04 16:00:00,618.75
2006-04-05 16:00:00,618.75
2006-04-06 16:00:00,618.75
2006-04-07 16:00:00,626.25
2006-04-08 16:00:00,630
2006-04-09 16:00:00,637.5
2006-04-10 16:00:00,641.25
2006-04-11 16:00:00,652.5
2006-04-12 16:00:00,667.2854166662978
2006-04-13 16:00:00,671.25
2006-04-14 16:00:00,690
2006-04-15 16:00:00,705
2006-04-16 16:00:00,720
2006-04-17 16:00:00,723.75
2006-04-18 16:00:00,723.75
2006-04-19 16:00:00,727.5
2006-04-20 16:00:00,723.75
2006-04-21 16:00:00,723.75
2006-04-22 16:00:00,720
2006-04-23 16:00:00,723.75
2006-04-24 16:00:00,723.75
2006-04-25 16:00:00,716.25
2006-04-26 16:00:00,712.5
2006-04-27 16:00:00,708.75
2006-04-28 16:00:00,705
2006-04-29 16:00:00,697.5
2006-04-30 16:00:00,697.5
2006-05-01 16:00:00,697.5
2006-05-02 16:00:00,705
2006-05-03 16:00:00,705
2006-05-04 16:00:00,701.25
2006-05-05 16:00:00,693.75
2006-05-06 16:00:00,678.75
2006-05-07 16:00:00,678.75
2006-05-08 16:00:00,675
2006-05-09 16:00:00,671.25
2006-05-10 16:00:00,671.25
2006-05-11 16:00:00,667.5
2006-05-12 16:00:00,667.5
2006-05-13 16:00:00,663.75
2006-05-14 16:00:00,652.5
2006-05-15 16:00:00,633.965624999995
2006-05-16 16:00:00,607.715624999995
2006-05-17 16:00:00,581.465624999995
2006-05-18 16:00:00,551.25
2006-05-19 16:00:00,525.215624999995
2006-05-20 16:00:00,513.75
2006-05-21 16:00:00,487.7156249999951
2006-05-22 16:00:00,472.5
2006-05-23 16:00:00,446.25
2006-05-24 16:00:00,427.5
2006-05-25 16:00:00,408.9656249999951
2006-05-26 16:00:00,408.5343750000049
2006-05-27 16:00:00,412.5
2006-05-28 16:00:00,408.75
2006-05-29 16:00:00,401.4656249999951
2006-05-30 16:00:00,390
2006-05-31 16:00:00,371.4656249999951
2006-06-01 16:00:00,352.7156249999951
2006-06-02 16:00:00,322.5
2006-06-03 16:00:00,281.4656249999951
2006-06-04 16:00:00,262.5
2006-06-05 16:00:00,236.25
2006-06-06 16:00:00,213.75
2006-06-07 16:00:00,180.2156249999951
2006-06-08 16:00:00,157.7156249999951
2006-06-09 16:00:00,131.4656249999951
2006-06-10 16:00:00,93.96562499999509
2006-06-11 16:00:00,67.5
2006-06-12 16:00:00,45.215624999995086
2006-06-13 16:00:00,22.71666666690532
2006-06-14 16:00:00,14.78437500000491
2006-06-15 16:00:00,7.5
2006-06-16 16:00:00,3.966666666905318
2006-06-17 16:00:00,3.75
2006-06-18 16:00:00,3.75
2006-06-19 16:00:00,3.75
2006-06-20 16:00:00,3.75
2006-06-21 16:00:00,3.75
2006-06-22 16:00:00,3.75
2006-06-23 16:00:00,3.75
2006-06-24 16:00:00,3.75
2006-06-25 16:00:00,3.75
2006-06-26 16:00:00,3.75
2006-06-27 16:00:00,3.75
2006-06-28 16:00:00,3.75
2006-06-29 16:00:00,3.75
2006-06-30 16:00:00,3.75
2006-07-01 16:00:00,3.75
2006-07-02 16:00:00,3.75
2006-07-03 16:00:00,3.75
2006-07-04 16:00:00,3.75
2006-07-05 16:00:00,3.75
2006-07-06 16:00:00,3.75
2006-07-07 16:00:00,3.75
2006-07-08 16:00:00,3.75
2006-07-09 16:00:00,3.75
2006-07-10 16:00:00,3.75
2006-07-11 16:00:00,3.75
2006-07-12 16:00:00,3.75
2006-07-13 16:00:00,3.75
2006-07-14 16:00:00,3.75
2006-07-15 16:00:00,3.75
2006-07-16 16:00:00,2.7095238095422225
2006-07-17 16:00:00,3.75
2006-07-18 16:00:00,3.75
2006-07-19 16:00:00,3.75
2006-07-20 16:00:00,3.75
2006-07-21 16:00:00,3.75
2006-07-22 16:00:00,3.75
2006-07-23 16:00:00,3.75
2006-07-24 16:00:00,3.75
2006-07-25 16:00:00,3.75
2006-07-26 16:00:00,3.75
2006-07-27 16:00:00,3.75
2006-07-28 16:00:00,3.75
2006-07-29 16:00:00,3.75
2006-07-30 16:00:00,3.75
2006-07-31 16:00:00,3.75
2006-08-01 16:00:00,3.75
2006-08-02 16:00:00,3.75
2006-08-03 16:00:00,3.75
2006-08-04 16:00:00,3.75
2006-08-05 16:00:00,3.75
2006-08-06 16:00:00,3.75
2006-08-07 16:00:00,3.75
2006-08-08 16:00:00,3.75
2006-08-09 16:00:00,3.75
2006-08-10 16:00:00,3.75
2006-08-11 16:00:00,3.75
2006-08-12 16:00:00,3.75
2006-08-13 16:00:00,3.75
2006-08-14 16:00:00,3.75
2006-08-15 16:00:00,3.75
2006-08-16 16:00:00,3.75
2006-08-17 16:00:00,3.75
2006-08-18 16:00:00,3.75
2006-08-19 16:00:00,3.75
2006-08-20 16:00:00,3.75
2006-08-21 16:00:00,3.75
2006-08-22 16:00:00,3.75
2006-08-23 16:00:00,3.75
2006-08-24 16:00:00,3.75
2006-08-25 16:00:00,3.75
2006-08-26 16:00:00,3.75
2006-08-27 16:00:00,3.75
2006-08-28 16:00:00,3.75
2006-08-29 16:00:00,3.75
2006-08-30 16:00:00,26.03229166622247
2006-08-31 16:00:00,22.5
2006-09-01 16:00:00,11.25
2006-09-02 16:00:00,7.5
2006-09-03 16:00:00,3.75
2006-09-04 16:00:00,3.75
2006-09-05 16:00:00,3.75
2006-09-06 16:00:00,3.75
2006-09-07 16:00:00,3.75
2006-09-08 16:00:00,3.75
2006-09-09 16:00:00,3.75
2006-09-10 16:00:00,3.75
2006-09-11 16:00:00,3.75
2006-09-12 16:00:00,0
2006-09-13 16:00:00,0
2006-09-14 16:00:00,0
2006-09-15 16:00:00,0
2006-09-16 16:00:00,0
2006-09-17 16:00:00,0
2006-09-18 16:00:00,0
2006-09-19 16:00:00,0
2006-09-20 16:00:00,0
2006-09-21 16:00:00,0
2006-09-22 16:00:00,0
2006-09-23 16:00:00,0
2006-09-24 16:00:00,0
2006-09-25 16:00:00,0
2006-09-26 16:00:00,0
2006-09-27 16:00:00,0
2006-09-28 16:00:00,0
2006-09-29 16:00:00,0
2006-09-30 16:00:00,0
2006-10-01 16:00:00,0
2006-10-02 16:00:00,0
2006-10-03 16:00:00,0
2006-10-04 16:00:00,0
2006-10-05 16:00:00,0
2006-10-06 16:00:00,0
2006-10-07 16:00:00,0
2006-10-08 16:00:00,0
2006-10-09 16:00:00,0
2006-10-10 16:00:00,0
2006-10-11 16:00:00,0
2006-10-12 16:00:00,0
2006-10-13 16:00:00,0
2006-10-14 16:00:00,0
2006-10-15 16:00:00,0
2006-10-16 16:00:00,0
2006-10-17 16:00:00,0
2006-10-18 16:00:00,7.5
2006-10-19 16:00:00,11.25
2006-10-20 16:00:00,11.25
2006-10-21 16:00:00,15
2006-10-22 16:00:00,18.75
2006-10-23 16:00:00,18.75
2006-10-24 16:00:00,22.5
2006-10-25 16:00:00,26.25
2006-10-26 16:00:00,26.25
2006-10-27 16:00:00,41.25
2006-10-28 16:00:00,41.25
2006-10-29 16:00:00,60
2006-10-30 16:00:00,60
2006-10-31 16:00:00,63.75
2006-11-01 16:00:00,63.75
2006-11-02 16:00:00,63.75
2006-11-03 16:00:00,71.25
2006-11-04 16:00:00,82.5
2006-11-05 16:00:00,101.25
2006-11-06 16:00:00,123.75
2006-11-07 16:00:00,123.75
2006-11-08 16:00:00,138.75
2006-11-09 16:00:00,138.75
2006-11-10 16:00:00,146.25
2006-11-11 16:00:00,157.5
2006-11-12 16:00:00,161.25
2006-11-13 16:00:00,180
2006-11-14 16:00:00,180
2006-11-15 16:00:00,187.5
2006-11-16 16:00:00,210
2006-11-17 16:00:00,210
2006-11-18 16:00:00,210
2006-11-19 16:00:00,213.75
2006-11-20 16:00:00,240
2006-11-21 16:00:00,251.25000000000003
2006-11-22 16:00:00,266.03020833301883
2006-11-23 16:00:00,273.75
2006-11-24 16:00:00,277.5
2006-11-25 16:00:00,288.75
2006-11-26 16:00:00,296.25
2006-11-27 16:00:00,296.25
2006-11-28 16:00:00,300
2006-11-29 16:00:00,300
2006-11-30 16:00:00,303.75
2006-12-01 16:00:00,311.25
2006-12-02 16:00:00,311.25
2006-12-03 16:00:00,311.25
2006-12-04 16:00:00,318.75
2006-12-05 16:00:00,322.5
2006-12-06 16:00:00,326.25
2006-12-07 16:00:00,326.25
2006-12-08 16:00:00,326.25
2006-12-09 16:00:00,326.25
2006-12-10 16:00:00,326.25
2006-12-11 16:00:00,329.78020833301883
2006-12-12 16:00:00,348.75
2006-12-13 16:00:00,356.25
2006-12-14 16:00:00,363.75
2006-12-15 16:00:00,382.5
2006-12-16 16:00:00,386.25
2006-12-17 16:00:00,386.25
2006-12-18 16:00:00,386.25
2006-12-19 16:00:00,390
2006-12-20 16:00:00,390
2006-12-21 16:00:00,393.75
2006-12-22 16:00:00,393.75
2006-12-23 16:00:00,397.5
2006-12-24 16:00:00,397.5
2006-12-25 16:00:00,405
2006-12-26 16:00:00,408.75
2006-12-27 16:00:00,416.25
2006-12-28 16:00:00,416.25
2006-12-29 16:00:00,420
2006-12-30 16:00:00,420
2006-12-31 16:00:00,420
2007-01-01 16:00:00,435
2007-01-02 16:00:00,450
2007-01-03 16:00:00,465
2007-01-04 16:00:00,468.75
2007-01-05 16:00:00,472.5
2007-01-06 16:00:00,480
2007-01-07 16:00:00,491.25
2007-01-08 16:00:00,502.50000000000006
2007-01-09 16:00:00,528.5312499999291
2007-01-10 16:00:00,543.75
2007-01-11 16:00:00,547.5
2007-01-12 16:00:00,547.5
2007-01-13 16:00:00,547.5
2007-01-14 16:00:00,547.5
2007-01-15 16:00:00,547.5
2007-01-16 16:00:00,547.5
2007-01-17 16:00:00,547.5
2007-01-18 16:00:00,547.5
2007-01-19 16:00:00,551.25
2007-01-20 16:00:00,555
2007-01-21 16:00:00,555
2007-01-22 16:00:00,558.75
2007-01-23 16:00:00,558.75
2007-01-24 16:00:00,562.5
2007-01-25 16:00:00,566.25
2007-01-26 16:00:00,562.5
2007-01-27 16:00:00,562.5
2007-01-28 16:00:00,562.5
2007-01-29 16:00:00,566.25
2007-01-30 16:00:00,566.25
2007-01-31 16:00:00,566.25
2007-02-01 16:00:00,566.25
2007-02-02 16:00:00,566.25
2007-02-03 16:00:00,566.25
2007-02-04 16:00:00,566.25
2007-02-05 16:00:00,573.75
2007-02-06 16:00:00,573.75
2007-02-07 16:00:00,573.75
2007-02-08 16:00:00,581.25
2007-02-09 16:00:00,585
2007-02-10 16:00:00,592.5
2007-02-11 16:00:00,592.5
2007-02-12 16:00:00,596.25
2007-02-13 16:00:00,607.5
2007-02-14 16:00:00,611.25
2007-02-15 16:00:00,622.2812499999291
2007-02-16 16:00:00,626.25
2007-02-17 16:00:00,637.5
2007-02-18 16:00:00,648.9687500000709
2007-02-19 16:00:00,652.5
2007-02-20 16:00:00,660.2187500000709
2007-02-21 16:00:00,663.75
2007-02-22 16:00:00,675
2007-02-23 16:00:00,671.25
2007-02-24 16:00:00,675
2007-02-25 16:00:00,675
2007-02-26 16:00:00,675
2007-02-27 16:00:00,678.75
2007-02-28 16:00:00,678.75
2007-03-01 16:00:00,675
2007-03-02 16:00:00,675
2007-03-03 16:00:00,678.5322916662225
2007-03-04 16:00:00,678.75
2007-03-05 16:00:00,682.5
2007-03-06 16:00:00,678.75
2007-03-07 16:00:00,686.25
2007-03-08 16:00:00,686.25
2007-03-09 16:00:00,686.25
2007-03-10 16:00:00,686.25
2007-03-11 16:00:00,712.2812499999291
2007-03-12 16:00:00,765
2007-03-13 16:00:00,765
2007-03-14 16:00:00,761.25
2007-03-15 16:00:00,765
2007-03-16 16:00:00,768.75
2007-03-17 16:00:00,776.25
2007-03-18 16:00:00,780
2007-03-19 16:00:00,783.75
2007-03-20 16:00:00,802.5
2007-03-21 16:00:00,806.25
2007-03-22 16:00:00,813.75
2007-03-23 16:00:00,817.5
2007-03-24 16:00:00,843.75
2007-03-25 16:00:00,870
2007-03-26 16:00:00,877.5
2007-03-27 16:00:00,877.5
2007-03-28 16:00:00,870
2007-03-29 16:00:00,877.5
2007-03-30 16:00:00,885
2007-03-31 16:00:00,884.7812499999291
2007-04-01 16:00:00,881.25
2007-04-02 16:00:00,885
2007-04-03 16:00:00,892.5
2007-04-04 16:00:00,892.5
2007-04-05 16:00:00,892.5
2007-04-06 16:00:00,896.25
2007-04-07 16:00:00,900
2007-04-08 16:00:00,896.25
2007-04-09 16:00:00,907.5
2007-04-10 16:00:00,914.7812499999291
2007-04-11 16:00:00,922.5
2007-04-12 16:00:00,918.75
2007-04-13 16:00:00,918.75
2007-04-14 16:00:00,926.25
2007-04-15 16:00:00,926.25
2007-04-16 16:00:00,937.5
2007-04-17 16:00:00,937.5
2007-04-18 16:00:00,937.5
2007-04-19 16:00:00,941.0312499999291
2007-04-20 16:00:00,941.25
2007-04-21 16:00:00,941.25
2007-04-22 16:00:00,941.25
2007-04-23 16:00:00,937.5
2007-04-24 16:00:00,941.25
2007-04-25 16:00:00,945
2007-04-26 16:00:00,941.25
2007-04-27 16:00:00,937.5
2007-04-28 16:00:00,945
2007-04-29 16:00:00,952.5
2007-04-30 16:00:00,952.5
2007-05-01 16:00:00,952.5
2007-05-02 16:00:00,963.5312499999291
2007-05-03 16:00:00,978.5312499999291
2007-05-04 16:00:00,989.7812499999291
2007-05-05 16:00:00,1005.0000000000001
2007-05-06 16:00:00,1008.75
2007-05-07 16:00:00,1008.75
2007-05-08 16:00:00,1012.2812499999292
2007-05-09 16:00:00,997.5
2007-05-10 16:00:00,986.25
2007-05-11 16:00:00,967.7187500000709
2007-05-12 16:00:00,952.7187500000709
2007-05-13 16:00:00,948.5312499999291
2007-05-14 16:00:00,937.7187500000709
2007-05-15 16:00:00,930
2007-05-16 16:00:00,918.75
2007-05-17 16:00:00,896.25
2007-05-18 16:00:00,877.5
2007-05-19 16:00:00,866.25
2007-05-20 16:00:00,866.25
2007-05-21 16:00:00,862.5
2007-05-22 16:00:00,858.75
2007-05-23 16:00:00,851.25
2007-05-24 16:00:00,873.75
2007-05-25 16:00:00,881.25
2007-05-26 16:00:00,873.9687500000709
2007-05-27 16:00:00,866.25
2007-05-28 16:00:00,840.2187500000709
2007-05-29 16:00:00,821.4687500000709
2007-05-30 16:00:00,798.75
2007-05-31 16:00:00,765.2187500000709
2007-06-01 16:00:00,731.25
2007-06-02 16:00:00,693.9687500000709
2007-06-03 16:00:00,660
2007-06-04 16:00:00,630
2007-06-05 16:00:00,600.2187500000709
2007-06-06 16:00:00,570.2187500000709
2007-06-07 16:00:00,547.7187500000709
2007-06-08 16:00:00,525
2007-06-09 16:00:00,506.46875000007094
2007-06-10 16:00:00,487.5
2007-06-11 16:00:00,472.71979166698117
2007-06-12 16:00:00,480
2007-06-13 16:00:00,480
2007-06-14 16:00:00,476.25
2007-06-15 16:00:00,465.21979166698117
2007-06-16 16:00:00,450.21979166698117
2007-06-17 16:00:00,438.75
2007-06-18 16:00:00,420
2007-06-19 16:00:00,393.96979166698117
2007-06-20 16:00:00,352.71979166698117
2007-06-21 16:00:00,311.46979166698117
2007-06-22 16:00:00,277.71979166698117
2007-06-23 16:00:00,247.5
2007-06-24 16:00:00,232.71979166698117
2007-06-25 16:00:00,232.5
2007-06-26 16:00:00,217.71979166698117
2007-06-27 16:00:00,180.21979166698117
2007-06-28 16:00:00,150.21979166698117
2007-06-29 16:00:00,112.71979166698117
2007-06-30 16:00:00,71.46979166698117
2007-07-01 16:00:00,41.25
2007-07-02 16:00:00,22.5
2007-07-03 16:00:00,15
2007-07-04 16:00:00,11.25
2007-07-05 16:00:00,7.5
2007-07-06 16:00:00,3.75
2007-07-07 16:00:00,3.75
2007-07-08 16:00:00,0
2007-07-09 16:00:00,0
2007-07-10 16:00:00,0
2007-07-11 16:00:00,0
2007-07-12 16:00:00,0
2007-07-13 16:00:00,0
2007-07-14 16:00:00,0
2007-07-15 16:00:00,0
2007-07-16 16:00:00,0
2007-07-17 16:00:00,0
2007-07-18 16:00:00,0
2007-07-19 16:00:00,0
2007-07-20 16:00:00,0
2007-07-21 16:00:00,0
2007-07-22 16:00:00,0
2007-07-23 16:00:00,0
2007-07-24 16:00:00,0
2007-07-25 16:00:00,0
2007-07-26 16:00:00,0
2007-07-27 16:00:00,0
2007-07-28 16:00:00,0
2007-07-29 16:00:00,0
2007-07-30 16:00:00,0
2007-07-31 16:00:00,0
2007-08-01 16:00:00,0
2007-08-02 16:00:00,0
2007-08-03 16:00:00,0
2007-08-04 16:00:00,0
2007-08-05 16:00:00,0
2007-08-06 16:00:00,0
2007-08-07 16:00:00,0
2007-08-08 16:00:00,0
2007-08-09 16:00:00,0
2007-08-10 16:00:00,0
2007-08-11 16:00:00,0
2007-08-12 16:00:00,0
2007-08-13 16:00:00,0
2007-08-14 16:00:00,0
2007-08-15 16:00:00,0
2007-08-16 16:00:00,0
2007-08-17 16:00:00,0
2007-08-18 16:00:00,0
2007-08-19 16:00:00,0
2007-08-20 16:00:00,0
2007-08-21 16:00:00,0
2007-08-22 16:00:00,0
2007-08-23 16:00:00,0
2007-08-24 16:00:00,0
2007-08-25 16:00:00,0
2007-08-26 16:00:00,0
2007-08-27 16:00:00,0
2007-08-28 16:00:00,0
2007-08-29 16:00:00,0
2007-08-30 16:00:00,0
2007-08-31 16:00:00,0
2007-09-01 16:00:00,0
2007-09-02 16:00:00,0
2007-09-03 16:00:00,0
2007-09-04 16:00:00,0
2007-09-05 16:00:00,0
2007-09-06 16:00:00,0
2007-09-07 16:00:00,0
2007-09-08 16:00:00,0
2007-09-09 16:00:00,0
2007-09-10 16:00:00,0
2007-09-11 16:00:00,0
2007-09-12 16:00:00,0
2007-09-13 16:00:00,0
2007-09-14 16:00:00,0
2007-09-15 16:00:00,0
2007-09-16 16:00:00,0
2007-09-17 16:00:00,0
2007-09-18 16:00:00,0
2007-09-19 16:00:00,0
2007-09-20 16:00:00,3.75
2007-09-21 16:00:00,3.75
2007-09-22 16:00:00,15
2007-09-23 16:00:00,22.5
2007-09-24 16:00:00,22.5
2007-09-25 16:00:00,26.25
2007-09-26 16:00:00,26.25
2007-09-27 16:00:00,26.25
2007-09-28 16:00:00,22.5
2007-09-29 16:00:00,26.25
2007-09-30 16:00:00,26.25
2007-10-01 16:00:00,30
2007-10-02 16:00:00,33.75
2007-10-03 16:00:00,41.25
2007-10-04 16:00:00,45
2007-10-05 16:00:00,45
2007-10-06 16:00:00,45
2007-10-07 16:00:00,45
2007-10-08 16:00:00,48.75
2007-10-09 16:00:00,48.75
2007-10-10 16:00:00,48.75
2007-10-11 16:00:00,41.25
2007-10-12 16:00:00,41.25
2007-10-13 16:00:00,41.25
2007-10-14 16:00:00,41.25
2007-10-15 16:00:00,41.25
2007-10-16 16:00:00,41.25
2007-10-17 16:00:00,41.25
2007-10-18 16:00:00,41.25
2007-10-19 16:00:00,48.75
2007-10-20 16:00:00,52.5
2007-10-21 16:00:00,56.25
2007-10-22 16:00:00,63.75
2007-10-23 16:00:00,60
2007-10-24 16:00:00,56.25
2007-10-25 16:00:00,56.03333333309468
2007-10-26 16:00:00,52.5
2007-10-27 16:00:00,48.75
2007-10-28 16:00:00,56.03333333309468
2007-10-29 16:00:00,60
2007-10-30 16:00:00,63.75
2007-10-31 16:00:00,63.75
2007-11-01 16:00:00,67.5
2007-11-02 16:00:00,67.5
2007-11-03 16:00:00,75
2007-11-04 16:00:00,93.75
2007-11-05 16:00:00,93.75
2007-11-06 16:00:00,93.75
2007-11-07 16:00:00,101.25
2007-11-08 16:00:00,105
2007-11-09 16:00:00,112.5
2007-11-10 16:00:00,120
2007-11-11 16:00:00,120
2007-11-12 16:00:00,153.53333333309467
2007-11-13 16:00:00,176.25
2007-11-14 16:00:00,180
2007-11-15 16:00:00,187.5
2007-11-16 16:00:00,191.25
2007-11-17 16:00:00,191.25
2007-11-18 16:00:00,202.5
2007-11-19 16:00:00,202.5
2007-11-20 16:00:00,202.5
2007-11-21 16:00:00,202.5
2007-11-22 16:00:00,202.5
2007-11-23 16:00:00,202.5
2007-11-24 16:00:00,202.5
2007-11-25 16:00:00,206.25
2007-11-26 16:00:00,206.25
2007-11-27 16:00:00,213.75
2007-11-28 16:00:00,213.75
2007-11-29 16:00:00,213.75
2007-11-30 16:00:00,217.5
2007-12-01 16:00:00,217.5
2007-12-02 16:00:00,224.78333333309467
2007-12-03 16:00:00,266.25
2007-12-04 16:00:00,288.5333333330947
2007-12-05 16:00:00,311.25
2007-12-06 16:00:00,322.5
2007-12-07 16:00:00,322.5
2007-12-08 16:00:00,322.5
2007-12-09 16:00:00,322.5
2007-12-10 16:00:00,322.5
2007-12-11 16:00:00,323.75
2007-12-12 16:00:00,325
2007-12-13 16:00:00,326.25
2007-12-14 16:00:00,329.0625
2007-12-15 16:00:00,331.875
2007-12-16 16:00:00,334.6875
2007-12-17 16:00:00,337.5
2007-12-18 16:00:00,340.3125
2007-12-19 16:00:00,343.125
2007-12-20 16:00:00,345.9375
2007-12-21 16:00:00,348.75
2007-12-22 16:00:00,352.5
2007-12-23 16:00:00,355.4784374999754
2007-12-24 16:00:00,367.5
2007-12-25 16:00:00,371.25
2007-12-26 16:00:00,371.25
2007-12-27 16:00:00,371.25
2007-12-28 16:00:00,375
2007-12-29 16:00:00,375
2007-12-30 16:00:00,375
2007-12-31 16:00:00,382.5
2008-01-01 16:00:00,386.25
2008-01-02 16:00:00,393.75
2008-01-03 16:00:00,401.25
2008-01-04 16:00:00,412.2843750000049
2008-01-05 16:00:00,420
2008-01-06 16:00:00,423.75
2008-01-07 16:00:00,423.75
2008-01-08 16:00:00,427.5
2008-01-09 16:00:00,427.5
2008-01-10 16:00:00,431.25
2008-01-11 16:00:00,431.25
2008-01-12 16:00:00,431.25
2008-01-13 16:00:00,431.25
2008-01-14 16:00:00,435
2008-01-15 16:00:00,442.5
2008-01-16 16:00:00,446.25
2008-01-17 16:00:00,446.25
2008-01-18 16:00:00,446.25
2008-01-19 16:00:00,450
2008-01-20 16:00:00,453.75
2008-01-21 16:00:00,453.75
2008-01-22 16:00:00,453.75
2008-01-23 16:00:00,453.75
2008-01-24 16:00:00,453.75
2008-01-25 16:00:00,453.75
2008-01-26 16:00:00,457.5
2008-01-27 16:00:00,472.5
2008-01-28 16:00:00,480
2008-01-29 16:00:00,483.75
2008-01-30 16:00:00,483.75
2008-01-31 16:00:00,491.25
2008-02-01 16:00:00,491.25
2008-02-02 16:00:00,502.50000000000006
2008-02-03 16:00:00,498.75
2008-02-04 16:00:00,498.75
2008-02-05 16:00:00,506.24999999999994
2008-02-06 16:00:00,510
2008-02-07 16:00:00,513.75
2008-02-08 16:00:00,528.75
2008-02-09 16:00:00,536.25
2008-02-10 16:00:00,547.7145833337022
2008-02-11 16:00:00,555
2008-02-12 16:00:00,562.5
2008-02-13 16:00:00,573.75
2008-02-14 16:00:00,573.75
2008-02-15 16:00:00,581.25
2008-02-16 16:00:00,585
2008-02-17 16:00:00,588.75
2008-02-18 16:00:00,588.75
2008-02-19 16:00:00,588.75
2008-02-20 16:00:00,588.75
2008-02-21 16:00:00,588.75
2008-02-22 16:00:00,588.75
2008-02-23 16:00:00,588.75
2008-02-24 16:00:00,588.75
2008-02-25 16:00:00,588.75
2008-02-26 16:00:00,592.5
2008-02-27 16:00:00,596.25
2008-02-28 16:00:00,600
2008-02-29 16:00:00,603.9645833337022
2008-03-01 16:00:00,607.5
2008-03-02 16:00:00,611.25
2008-03-03 16:00:00,618.75
2008-03-04 16:00:00,618.75
2008-03-05 16:00:00,618.75
2008-03-06 16:00:00,618.75
2008-03-07 16:00:00,622.5
2008-03-08 16:00:00,618.75
2008-03-09 16:00:00,618.75
2008-03-10 16:00:00,622.5
2008-03-11 16:00:00,630
2008-03-12 16:00:00,630
2008-03-13 16:00:00,633.75
2008-03-14 16:00:00,633.75
2008-03-15 16:00:00,633.75
2008-03-16 16:00:00,641.0354166662978
2008-03-17 16:00:00,641.25
2008-03-18 16:00:00,645
2008-03-19 16:00:00,645
2008-03-20 16:00:00,641.25
2008-03-21 16:00:00,641.25
2008-03-22 16:00:00,645
2008-03-23 16:00:00,656.25
2008-03-24 16:00:00,660
2008-03-25 16:00:00,667.2854166662978
2008-03-26 16:00:00,667.5
2008-03-27 16:00:00,667.5
2008-03-28 16:00:00,675
2008-03-29 16:00:00,671.25
2008-03-30 16:00:00,678.75
2008-03-31 16:00:00,678.75
2008-04-01 16:00:00,682.5
2008-04-02 16:00:00,682.5
2008-04-03 16:00:00,682.5
2008-04-04 16:00:00,686.25
2008-04-05 16:00:00,690
2008-04-06 16:00:00,693.75
2008-04-07 16:00:00,697.5
2008-04-08 16:00:00,701.25
2008-04-09 16:00:00,705
2008-04-10 16:00:00,705
2008-04-11 16:00:00,705
2008-04-12 16:00:00,708.5354166662978
2008-04-13 16:00:00,716.25
2008-04-14 16:00:00,727.2854166662978
2008-04-15 16:00:00,727.5
2008-04-16 16:00:00,727.5
2008-04-17 16:00:00,731.25
2008-04-18 16:00:00,750
2008-04-19 16:00:00,783.75
2008-04-20 16:00:00,783.75
2008-04-21 16:00:00,787.5
2008-04-22 16:00:00,787.2854166662978
2008-04-23 16:00:00,791.25
2008-04-24 16:00:00,795
2008-04-25 16:00:00,802.5
2008-04-26 16:00:00,802.5
2008-04-27 16:00:00,806.25
2008-04-28 16:00:00,806.25
2008-04-29 16:00:00,806.25
2008-04-30 16:00:00,806.25
2008-05-01 16:00:00,802.5
2008-05-02 16:00:00,806.25
2008-05-03 16:00:00,802.5
2008-05-04 16:00:00,795
2008-05-05 16:00:00,798.75
2008-05-06 16:00:00,795
2008-05-07 16:00:00,794.7854166662978
2008-05-08 16:00:00,798.75
2008-05-09 16:00:00,806.25
2008-05-10 16:00:00,810
2008-05-11 16:00:00,813.75
2008-05-12 16:00:00,817.5
2008-05-13 16:00:00,821.0354166662978
2008-05-14 16:00:00,821.25
2008-05-15 16:00:00,817.5
2008-05-16 16:00:00,795.2145833337022
2008-05-17 16:00:00,772.7145833337022
2008-05-18 16:00:00,742.7145833337022
2008-05-19 16:00:00,727.5
2008-05-20 16:00:00,716.25
2008-05-21 16:00:00,708.75
2008-05-22 16:00:00,701.25
2008-05-23 16:00:00,697.5
2008-05-24 16:00:00,686.25
2008-05-25 16:00:00,671.25
2008-05-26 16:00:00,663.9645833337022
2008-05-27 16:00:00,648.9645833337022
2008-05-28 16:00:00,622.7145833337022
2008-05-29 16:00:00,600
2008-05-30 16:00:00,581.4645833337022
2008-05-31 16:00:00,562.5
2008-06-01 16:00:00,540.2145833337022
2008-06-02 16:00:00,521.4645833337022
2008-06-03 16:00:00,502.7145833337022
2008-06-04 16:00:00,480.21458333370225
2008-06-05 16:00:00,461.25
2008-06-06 16:00:00,468.53541666629775
2008-06-07 16:00:00,472.5
2008-06-08 16:00:00,468.75
2008-06-09 16:00:00,468.75
2008-06-10 16:00:00,461.46458333370225
2008-06-11 16:00:00,453.75
2008-06-12 16:00:00,438.75
2008-06-13 16:00:00,416.4656249999951
2008-06-14 16:00:00,401.4656249999951
2008-06-15 16:00:00,378.9656249999951
2008-06-16 16:00:00,352.7156249999951
2008-06-17 16:00:00,326.4656249999951
2008-06-18 16:00:00,307.5
2008-06-19 16:00:00,285.2156249999951
2008-06-20 16:00:00,266.4656249999951
2008-06-21 16:00:00,236.25
2008-06-22 16:00:00,206.25
2008-06-23 16:00:00,187.5
2008-06-24 16:00:00,157.7156249999951
2008-06-25 16:00:00,135.2156249999951
2008-06-26 16:00:00,108.75
2008-06-27 16:00:00,63.965624999995086
2008-06-28 16:00:00,33.75
2008-06-29 16:00:00,18.75
2008-06-30 16:00:00,7.7156249999950886
2008-07-01 16:00:00,3.75
2008-07-02 16:00:00,3.75
2008-07-03 16:00:00,3.75
2008-07-04 16:00:00,3.75
2008-07-05 16:00:00,3.75
2008-07-06 16:00:00,3.75
2008-07-07 16:00:00,3.75
2008-07-08 16:00:00,3.75
2008-07-09 16:00:00,3.75
2008-07-10 16:00:00,3.75
2008-07-11 16:00:00,3.75
2008-07-12 16:00:00,3.75
2008-07-13 16:00:00,3.75
2008-07-14 16:00:00,3.75
2008-07-15 16:00:00,3.75
2008-07-16 16:00:00,3.75
2008-07-17 16:00:00,3.75
2008-07-18 16:00:00,3.75
2008-07-19 16:00:00,3.75
2008-07-20 16:00:00,3.75
2008-07-21 16:00:00,3.75
2008-07-22 16:00:00,3.75
2008-07-23 16:00:00,3.75
2008-07-24 16:00:00,3.75
2008-07-25 16:00:00,3.75
2008-07-26 16:00:00,3.75
2008-07-27 16:00:00,3.75
2008-07-28 16:00:00,3.75
2008-07-29 16:00:00,3.75
2008-07-30 16:00:00,3.75
2008-07-31 16:00:00,3.75
2008-08-01 16:00:00,3.75
2008-08-02 16:00:00,3.75
2008-08-03 16:00:00,3.75
2008-08-04 16:00:00,3.75
2008-08-05 16:00:00,3.75
2008-08-06 16:00:00,3.75
2008-08-07 16:00:00,3.75
2008-08-08 16:00:00,3.75
2008-08-09 16:00:00,3.75
2008-08-10 16:00:00,3.75
2008-08-11 16:00:00,3.75
2008-08-12 16:00:00,3.75
2008-08-13 16:00:00,3.75
2008-08-14 16:00:00,3.75
2008-08-15 16:00:00,3.75
2008-08-16 16:00:00,3.75
2008-08-17 16:00:00,3.75
2008-08-18 16:00:00,3.75
2008-08-19 16:00:00,3.75
2008-08-20 16:00:00,3.75
2008-08-21 16:00:00,3.75
2008-08-22 16:00:00,3.75
2008-08-23 16:00:00,3.75
2008-08-24 16:00:00,3.75
2008-08-25 16:00:00,3.75
2008-08-26 16:00:00,3.75
2008-08-27 16:00:00,3.75
2008-08-28 16:00:00,3.75
2008-08-29 16:00:00,3.75
2008-08-30 16:00:00,3.75
2008-08-31 16:00:00,3.75
2008-09-01 16:00:00,3.75
2008-09-02 16:00:00,3.75
2008-09-03 16:00:00,3.75
2008-09-04 16:00:00,3.75
2008-09-05 16:00:00,3.75
2008-09-06 16:00:00,3.75
2008-09-07 16:00:00,3.75
2008-09-08 16:00:00,3.75
2008-09-09 16:00:00,3.75
2008-09-10 16:00:00,3.75
2008-09-11 16:00:00,3.75
2008-09-12 16:00:00,3.75
2008-09-13 16:00:00,3.75
2008-09-14 16:00:00,3.75
2008-09-15 16:00:00,3.75
2008-09-16 16:00:00,3.75
2008-09-17 16:00:00,3.75
2008-09-18 16:00:00,3.75
2008-09-19 16:00:00,3.75
2008-09-20 16:00:00,3.75
2008-09-21 16:00:00,3.75
2008-09-22 16:00:00,3.75
2008-09-23 16:00:00,3.75
2008-09-24 16:00:00,3.75
2008-09-25 16:00:00,3.75
2008-09-26 16:00:00,3.75
2008-09-27 16:00:00,3.75
2008-09-28 16:00:00,3.75
2008-09-29 16:00:00,3.75
2008-09-30 16:00:00,3.75
2008-10-01 16:00:00,3.75
2008-10-02 16:00:00,3.75
2008-10-03 16:00:00,3.75
2008-10-04 16:00:00,3.75
2008-10-05 16:00:00,3.75
2008-10-06 16:00:00,3.75
2008-10-07 16:00:00,15
2008-10-08 16:00:00,26.25
2008-10-09 16:00:00,26.25
2008-10-10 16:00:00,26.25
2008-10-11 16:00:00,26.25
2008-10-12 16:00:00,26.25
2008-10-13 16:00:00,26.25
2008-10-14 16:00:00,41.25
2008-10-15 16:00:00,41.25
2008-10-16 16:00:00,41.25
2008-10-17 16:00:00,48.75
2008-10-18 16:00:00,63.75
2008-10-19 16:00:00,63.75
2008-10-20 16:00:00,63.75
2008-10-21 16:00:00,78.75
2008-10-22 16:00:00,78.75
2008-10-23 16:00:00,78.75
2008-10-24 16:00:00,78.75
2008-10-25 16:00:00,82.5
2008-10-26 16:00:00,86.25
2008-10-27 16:00:00,86.25
2008-10-28 16:00:00,86.25
2008-10-29 16:00:00,86.25
2008-10-30 16:00:00,86.25
2008-10-31 16:00:00,86.25
2008-11-01 16:00:00,86.25
2008-11-02 16:00:00,86.25
2008-11-03 16:00:00,86.25
2008-11-04 16:00:00,86.25
2008-11-05 16:00:00,93.75
2008-11-06 16:00:00,93.75
2008-11-07 16:00:00,97.5
2008-11-08 16:00:00,97.5
2008-11-09 16:00:00,97.5
2008-11-10 16:00:00,97.5
2008-11-11 16:00:00,105
2008-11-12 16:00:00,123.75
2008-11-13 16:00:00,138.75
2008-11-14 16:00:00,142.5
2008-11-15 16:00:00,146.25
2008-11-16 16:00:00,172.5
2008-11-17 16:00:00,180
2008-11-18 16:00:00,180
2008-11-19 16:00:00,183.53229166622248
2008-11-20 16:00:00,180
2008-11-21 16:00:00,183.75
2008-11-22 16:00:00,183.75
2008-11-23 16:00:00,187.5
2008-11-24 16:00:00,187.5
2008-11-25 16:00:00,187.5
2008-11-26 16:00:00,187.5
2008-11-27 16:00:00,187.5
2008-11-28 16:00:00,187.5
2008-11-29 16:00:00,187.5
2008-11-30 16:00:00,187.5
2008-12-01 16:00:00,198.75
2008-12-02 16:00:00,213.75
2008-12-03 16:00:00,213.75
2008-12-04 16:00:00,213.75
2008-12-05 16:00:00,220.81458333244493
2008-12-06 16:00:00,232.5
2008-12-07 16:00:00,258.75
2008-12-08 16:00:00,266.25
2008-12-09 16:00:00,270
2008-12-10 16:00:00,273.75
2008-12-11 16:00:00,277.5
2008-12-12 16:00:00,281.25
2008-12-13 16:00:00,285
2008-12-14 16:00:00,288.75
2008-12-15 16:00:00,292.5
2008-12-16 16:00:00,292.5
2008-12-17 16:00:00,292.5
2008-12-18 16:00:00,296.25
2008-12-19 16:00:00,296.25
2008-12-20 16:00:00,296.25
2008-12-21 16:00:00,296.25
2008-12-22 16:00:00,299.7822916662225
2008-12-23 16:00:00,300
2008-12-24 16:00:00,300
2008-12-25 16:00:00,300
2008-12-26 16:00:00,300
2008-12-27 16:00:00,303.75
2008-12-28 16:00:00,311.25
2008-12-29 16:00:00,315
2008-12-30 16:00:00,315
2008-12-31 16:00:00,322.5
2009-01-01 16:00:00,333.75
2009-01-02 16:00:00,333.75
2009-01-03 16:00:00,333.75
2009-01-04 16:00:00,333.75
2009-01-05 16:00:00,337.5
2009-01-06 16:00:00,341.25
2009-01-07 16:00:00,363.75
2009-01-08 16:00:00,382.5
2009-01-09 16:00:00,382.5
2009-01-10 16:00:00,386.25
2009-01-11 16:00:00,397.5
2009-01-12 16:00:00,401.25
2009-01-13 16:00:00,405
2009-01-14 16:00:00,405
2009-01-15 16:00:00,405
2009-01-16 16:00:00,408.75
2009-01-17 16:00:00,405
2009-01-18 16:00:00,405
2009-01-19 16:00:00,408.75
2009-01-20 16:00:00,408.75
2009-01-21 16:00:00,408.75
2009-01-22 16:00:00,408.75
2009-01-23 16:00:00,408.75
2009-01-24 16:00:00,408.75
2009-01-25 16:00:00,408.75
2009-01-26 16:00:00,408.75
2009-01-27 16:00:00,412.5
2009-01-28 16:00:00,412.5
2009-01-29 16:00:00,419.7843750000049
2009-01-30 16:00:00,423.75
2009-01-31 16:00:00,431.25
2009-02-01 16:00:00,438.75
2009-02-02 16:00:00,438.75
2009-02-03 16:00:00,442.5
2009-02-04 16:00:00,442.5
2009-02-05 16:00:00,442.5
2009-02-06 16:00:00,442.5
2009-02-07 16:00:00,442.5
2009-02-08 16:00:00,450
2009-02-09 16:00:00,450
2009-02-10 16:00:00,450
2009-02-11 16:00:00,449.7843750000049
2009-02-12 16:00:00,450
2009-02-13 16:00:00,450
2009-02-14 16:00:00,450
2009-02-15 16:00:00,450
2009-02-16 16:00:00,453.75
2009-02-17 16:00:00,453.75
2009-02-18 16:00:00,453.75
2009-02-19 16:00:00,453.75
2009-02-20 16:00:00,453.75
2009-02-21 16:00:00,453.75
2009-02-22 16:00:00,457.5
2009-02-23 16:00:00,461.25
2009-02-24 16:00:00,476.25
2009-02-25 16:00:00,491.25
2009-02-26 16:00:00,495
2009-02-27 16:00:00,495
2009-02-28 16:00:00,495
2009-03-01 16:00:00,498.75
2009-03-02 16:00:00,502.2843750000049
2009-03-03 16:00:00,502.50000000000006
2009-03-04 16:00:00,506.24999999999994
2009-03-05 16:00:00,513.75
2009-03-06 16:00:00,517.284375000005
2009-03-07 16:00:00,521.25
2009-03-08 16:00:00,521.25
2009-03-09 16:00:00,528.75
2009-03-10 16:00:00,528.75
2009-03-11 16:00:00,528.75
2009-03-12 16:00:00,528.75
2009-03-13 16:00:00,532.5
2009-03-14 16:00:00,536.25
2009-03-15 16:00:00,551.25
2009-03-16 16:00:00,555
2009-03-17 16:00:00,562.5
2009-03-18 16:00:00,562.5
2009-03-19 16:00:00,566.25
2009-03-20 16:00:00,570
2009-03-21 16:00:00,573.75
2009-03-22 16:00:00,573.75
2009-03-23 16:00:00,573.75
2009-03-24 16:00:00,577.5
2009-03-25 16:00:00,577.5
2009-03-26 16:00:00,581.25
2009-03-27 16:00:00,585
2009-03-28 16:00:00,588.75
2009-03-29 16:00:00,588.75
2009-03-30 16:00:00,592.5
2009-03-31 16:00:00,596.25
2009-04-01 16:00:00,596.25
2009-04-02 16:00:00,596.25
2009-04-03 16:00:00,596.25
2009-04-04 16:00:00,600
2009-04-05 16:00:00,603.75
2009-04-06 16:00:00,607.5
2009-04-07 16:00:00,607.5
2009-04-08 16:00:00,607.5
2009-04-09 16:00:00,603.75
2009-04-10 16:00:00,603.75
2009-04-11 16:00:00,603.75
2009-04-12 16:00:00,611.25
2009-04-13 16:00:00,633.75
2009-04-14 16:00:00,637.5
2009-04-15 16:00:00,637.5
2009-04-16 16:00:00,637.5
2009-04-17 16:00:00,637.5
2009-04-18 16:00:00,641.25
2009-04-19 16:00:00,641.25
2009-04-20 16:00:00,641.25
2009-04-21 16:00:00,641.25
2009-04-22 16:00:00,637.5
2009-04-23 16:00:00,633.534375000005
2009-04-24 16:00:00,630
2009-04-25 16:00:00,630
2009-04-26 16:00:00,637.5
2009-04-27 16:00:00,652.5
2009-04-28 16:00:00,652.5
2009-04-29 16:00:00,652.5
2009-04-30 16:00:00,652.5
2009-05-01 16:00:00,645
2009-05-02 16:00:00,645
2009-05-03 16:00:00,648.75
2009-05-04 16:00:00,648.534375000005
2009-05-05 16:00:00,645
2009-05-06 16:00:00,648.75
2009-05-07 16:00:00,648.75
2009-05-08 16:00:00,648.75
2009-05-09 16:00:00,648.75
2009-05-10 16:00:00,652.284375000005
2009-05-11 16:00:00,656.25
2009-05-12 16:00:00,671.25
2009-05-13 16:00:00,693.534375000005
2009-05-14 16:00:00,697.5
2009-05-15 16:00:00,697.5
2009-05-16 16:00:00,697.5
2009-05-17 16:00:00,686.465624999995
2009-05-18 16:00:00,678.75
2009-05-19 16:00:00,675
2009-05-20 16:00:00,675
2009-05-21 16:00:00,675
2009-05-22 16:00:00,667.715624999995
2009-05-23 16:00:00,648.965624999995
2009-05-24 16:00:00,626.465624999995
2009-05-25 16:00:00,611.465624999995
2009-05-26 16:00:00,596.25
2009-05-27 16:00:00,573.965624999995
2009-05-28 16:00:00,551.465624999995
2009-05-29 16:00:00,525.215624999995
2009-05-30 16:00:00,498.75
2009-05-31 16:00:00,472.7156249999951
2009-06-01 16:00:00,453.75
2009-06-02 16:00:00,431.4656249999951
2009-06-03 16:00:00,405.2156249999951
2009-06-04 16:00:00,371.4656249999951
2009-06-05 16:00:00,348.75
2009-06-06 16:00:00,341.0343750000049
2009-06-07 16:00:00,333.75
2009-06-08 16:00:00,333.75
2009-06-09 16:00:00,337.5
2009-06-10 16:00:00,318.75
2009-06-11 16:00:00,288.75
2009-06-12 16:00:00,262.5
2009-06-13 16:00:00,228.96666666690533
2009-06-14 16:00:00,198.96666666690533
2009-06-15 16:00:00,168.96666666690533
2009-06-16 16:00:00,135.21666666690533
2009-06-17 16:00:00,116.25
2009-06-18 16:00:00,86.46666666690531
2009-06-19 16:00:00,63.96666666690531
2009-06-20 16:00:00,37.5
2009-06-21 16:00:00,26.25
2009-06-22 16:00:00,18.75
2009-06-23 16:00:00,15
2009-06-24 16:00:00,11.25
2009-06-25 16:00:00,7.5
2009-06-26 16:00:00,0
2009-06-27 16:00:00,0
2009-06-28 16:00:00,0
2009-06-29 16:00:00,0
2009-06-30 16:00:00,0
2009-07-01 16:00:00,0
2009-07-02 16:00:00,0
2009-07-03 16:00:00,0
2009-07-04 16:00:00,0
2009-07-05 16:00:00,0
2009-07-06 16:00:00,0
2009-07-07 16:00:00,0
2009-07-08 16:00:00,0
2009-07-09 16:00:00,0
2009-07-10 16:00:00,0
2009-07-11 16:00:00,0
2009-07-12 16:00:00,0
2009-07-13 16:00:00,0
2009-07-14 16:00:00,0
2009-07-15 16:00:00,0
2009-07-16 16:00:00,0
2009-07-17 16:00:00,0
2009-07-18 16:00:00,0
2009-07-19 16:00:00,0
2009-07-20 16:00:00,0
2009-07-21 16:00:00,0
2009-07-22 16:00:00,0
2009-07-23 16:00:00,0
2009-07-24 16:00:00,0
2009-07-25 16:00:00,0
2009-07-26 16:00:00,0
2009-07-27 16:00:00,0
2009-07-28 16:00:00,0
2009-07-29 16:00:00,0
2009-07-30 16:00:00,0
2009-07-31 16:00:00,0
2009-08-01 16:00:00,0
2009-08-02 16:00:00,0
2009-08-03 16:00:00,0
2009-08-04 16:00:00,0
2009-08-05 16:00:00,0
2009-08-06 16:00:00,0
2009-08-07 16:00:00,0
2009-08-08 16:00:00,0
2009-08-09 16:00:00,0
2009-08-10 16:00:00,0
2009-08-11 16:00:00,0
2009-08-12 16:00:00,0
2009-08-13 16:00:00,0
2009-08-14 16:00:00,0
2009-08-15 16:00:00,0
2009-08-16 16:00:00,0
2009-08-17 16:00:00,0
2009-08-18 16:00:00,0
2009-08-19 16:00:00,0
2009-08-20 16:00:00,0
2009-08-21 16:00:00,0
2009-08-22 16:00:00,0
2009-08-23 16:00:00,0
2009-08-24 16:00:00,0
2009-08-25 16:00:00,0
2009-08-26 16:00:00,0
2009-08-27 16:00:00,0
2009-08-28 16:00:00,0
2009-08-29 16:00:00,0
2009-08-30 16:00:00,0
2009-08-31 16:00:00,0
2009-09-01 16:00:00,0
2009-09-02 16:00:00,0
2009-09-03 16:00:00,0
2009-09-04 16:00:00,0
2009-09-05 16:00:00,0
2009-09-06 16:00:00,0
2009-09-07 16:00:00,0
2009-09-08 16:00:00,0
2009-09-09 16:00:00,0
2009-09-10 16:00:00,0
2009-09-11 16:00:00,0
2009-09-12 16:00:00,0
2009-09-13 16:00:00,0
2009-09-14 16:00:00,0
2009-09-15 16:00:00,0
2009-09-16 16:00:00,0
2009-09-17 16:00:00,0
2009-09-18 16:00:00,0
2009-09-19 16:00:00,0
2009-09-20 16:00:00,0
2009-09-21 16:00:00,0
2009-09-22 16:00:00,0
2009-09-23 16:00:00,0
2009-09-24 16:00:00,0
2009-09-25 16:00:00,0
2009-09-26 16:00:00,0
2009-09-27 16:00:00,0
2009-09-28 16:00:00,0
2009-09-29 16:00:00,0
2009-09-30 16:00:00,0
2009-10-01 16:00:00,0
2009-10-02 16:00:00,7.5
2009-10-03 16:00:00,15
2009-10-04 16:00:00,15
2009-10-05 16:00:00,18.75
2009-10-06 16:00:00,18.75
2009-10-07 16:00:00,26.25
2009-10-08 16:00:00,30
2009-10-09 16:00:00,37.5
2009-10-10 16:00:00,37.5
2009-10-11 16:00:00,37.5
2009-10-12 16:00:00,37.5
2009-10-13 16:00:00,37.5
2009-10-14 16:00:00,48.75
2009-10-15 16:00:00,48.75
2009-10-16 16:00:00,48.75
2009-10-17 16:00:00,48.75
2009-10-18 16:00:00,52.5
2009-10-19 16:00:00,56.25
2009-10-20 16:00:00,52.5
2009-10-21 16:00:00,56.25
2009-10-22 16:00:00,63.75
2009-10-23 16:00:00,67.5
2009-10-24 16:00:00,75
2009-10-25 16:00:00,75
2009-10-26 16:00:00,86.25
2009-10-27 16:00:00,93.75
2009-10-28 16:00:00,93.75
2009-10-29 16:00:00,93.75
2009-10-30 16:00:00,101.25
2009-10-31 16:00:00,116.25
2009-11-01 16:00:00,123.75
2009-11-02 16:00:00,123.75
2009-11-03 16:00:00,123.75
2009-11-04 16:00:00,127.5
2009-11-05 16:00:00,127.5
2009-11-06 16:00:00,142.5
2009-11-07 16:00:00,146.25
2009-11-08 16:00:00,153.75
2009-11-09 16:00:00,153.75
2009-11-10 16:00:00,168.75
2009-11-11 16:00:00,176.25
2009-11-12 16:00:00,183.75
2009-11-13 16:00:00,183.75
2009-11-14 16:00:00,183.75
2009-11-15 16:00:00,183.75
2009-11-16 16:00:00,187.5
2009-11-17 16:00:00,232.5
2009-11-18 16:00:00,247.5
2009-11-19 16:00:00,258.75
2009-11-20 16:00:00,277.5
2009-11-21 16:00:00,277.5
2009-11-22 16:00:00,281.25
2009-11-23 16:00:00,285
2009-11-24 16:00:00,288.75
2009-11-25 16:00:00,292.5
2009-11-26 16:00:00,303.75
2009-11-27 16:00:00,311.25
2009-11-28 16:00:00,311.25
2009-11-29 16:00:00,315
2009-11-30 16:00:00,322.5
2009-12-01 16:00:00,330
2009-12-02 16:00:00,330
2009-12-03 16:00:00,330
2009-12-04 16:00:00,330
2009-12-05 16:00:00,330
2009-12-06 16:00:00,330
2009-12-07 16:00:00,330
2009-12-08 16:00:00,330
2009-12-09 16:00:00,330
2009-12-10 16:00:00,330
2009-12-11 16:00:00,330
2009-12-12 16:00:00,333.75
2009-12-13 16:00:00,333.75
2009-12-14 16:00:00,333.75
2009-12-15 16:00:00,333.75
2009-12-16 16:00:00,345
2009-12-17 16:00:00,352.5
2009-12-18 16:00:00,352.5
2009-12-19 16:00:00,356.25
2009-12-20 16:00:00,360
2009-12-21 16:00:00,367.5
2009-12-22 16:00:00,367.5
2009-12-23 16:00:00,371.25
2009-12-24 16:00:00,371.25
2009-12-25 16:00:00,371.25
2009-12-26 16:00:00,371.25
2009-12-27 16:00:00,371.25
2009-12-28 16:00:00,371.25
2009-12-29 16:00:00,371.25
2009-12-30 16:00:00,375
2009-12-31 16:00:00,375
2010-01-01 16:00:00,382.5
2010-01-02 16:00:00,390
2010-01-03 16:00:00,393.75
2010-01-04 16:00:00,393.75
2010-01-05 16:00:00,397.5
2010-01-06 16:00:00,397.5
2010-01-07 16:00:00,397.5
2010-01-08 16:00:00,397.5
2010-01-09 16:00:00,397.5
2010-01-10 16:00:00,401.25
2010-01-11 16:00:00,401.25
2010-01-12 16:00:00,405
2010-01-13 16:00:00,408.75
2010-01-14 16:00:00,408.75
2010-01-15 16:00:00,412.5
2010-01-16 16:00:00,435
2010-01-17 16:00:00,438.75
2010-01-18 16:00:00,438.75
2010-01-19 16:00:00,442.5
2010-01-20 16:00:00,442.5
2010-01-21 16:00:00,442.5
2010-01-22 16:00:00,442.5
2010-01-23 16:00:00,442.5
2010-01-24 16:00:00,442.5
2010-01-25 16:00:00,442.5
2010-01-26 16:00:00,442.5
2010-01-27 16:00:00,442.5
2010-01-28 16:00:00,442.5
2010-01-29 16:00:00,442.5
2010-01-30 16:00:00,442.5
2010-01-31 16:00:00,446.25
2010-02-01 16:00:00,446.25
2010-02-02 16:00:00,446.25
2010-02-03 16:00:00,450
2010-02-04 16:00:00,453.75
2010-02-05 16:00:00,453.75
2010-02-06 16:00:00,457.5
2010-02-07 16:00:00,457.5
2010-02-08 16:00:00,457.5
2010-02-09 16:00:00,457.5
2010-02-10 16:00:00,457.5
2010-02-11 16:00:00,457.5
2010-02-12 16:00:00,457.5
2010-02-13 16:00:00,461.25
2010-02-14 16:00:00,461.25
2010-02-15 16:00:00,465
2010-02-16 16:00:00,465
2010-02-17 16:00:00,465
2010-02-18 16:00:00,468.75
2010-02-19 16:00:00,468.75
2010-02-20 16:00:00,468.75
2010-02-21 16:00:00,468.75
2010-02-22 16:00:00,468.75
2010-02-23 16:00:00,468.75
2010-02-24 16:00:00,468.75
2010-02-25 16:00:00,468.75
2010-02-26 16:00:00,472.5
2010-02-27 16:00:00,472.5
2010-02-28 16:00:00,472.5
2010-03-01 16:00:00,472.5
2010-03-02 16:00:00,472.5
2010-03-03 16:00:00,472.5
2010-03-04 16:00:00,472.5
2010-03-05 16:00:00,472.5
2010-03-06 16:00:00,472.5
2010-03-07 16:00:00,476.25
2010-03-08 16:00:00,476.25
2010-03-09 16:00:00,483.75
2010-03-10 16:00:00,487.5
2010-03-11 16:00:00,487.5
2010-03-12 16:00:00,502.50000000000006
2010-03-13 16:00:00,525
2010-03-14 16:00:00,525
2010-03-15 16:00:00,528.75
2010-03-16 16:00:00,528.75
2010-03-17 16:00:00,532.5
2010-03-18 16:00:00,536.25
2010-03-19 16:00:00,536.25
2010-03-20 16:00:00,536.25
2010-03-21 16:00:00,536.25
2010-03-22 16:00:00,540
2010-03-23 16:00:00,543.75
2010-03-24 16:00:00,543.75
2010-03-25 16:00:00,551.25
2010-03-26 16:00:00,551.25
2010-03-27 16:00:00,551.25
2010-03-28 16:00:00,558.75
2010-03-29 16:00:00,577.5
2010-03-30 16:00:00,596.25
2010-03-31 16:00:00,596.25
2010-04-01 16:00:00,603.75
2010-04-02 16:00:00,607.5
2010-04-03 16:00:00,607.5
2010-04-04 16:00:00,611.25
2010-04-05 16:00:00,611.25
2010-04-06 16:00:00,615
2010-04-07 16:00:00,618.75
2010-04-08 16:00:00,637.5
2010-04-09 16:00:00,660
2010-04-10 16:00:00,663.75
2010-04-11 16:00:00,667.5
2010-04-12 16:00:00,667.5
2010-04-13 16:00:00,671.25
2010-04-14 16:00:00,667.5
2010-04-15 16:00:00,660
2010-04-16 16:00:00,663.75
2010-04-17 16:00:00,667.5
2010-04-18 16:00:00,663.75
2010-04-19 16:00:00,660
2010-04-20 16:00:00,656.25
2010-04-21 16:00:00,648.75
2010-04-22 16:00:00,648.75
2010-04-23 16:00:00,645
2010-04-24 16:00:00,645
2010-04-25 16:00:00,652.5
2010-04-26 16:00:00,667.5
2010-04-27 16:00:00,663.75
2010-04-28 16:00:00,667.5
2010-04-29 16:00:00,667.5
2010-04-30 16:00:00,675
2010-05-01 16:00:00,671.25
2010-05-02 16:00:00,667.5
2010-05-03 16:00:00,686.25
2010-05-04 16:00:00,701.25
2010-05-05 16:00:00,712.5
2010-05-06 16:00:00,712.5
2010-05-07 16:00:00,712.5
2010-05-08 16:00:00,716.25
2010-05-09 16:00:00,712.5
2010-05-10 16:00:00,712.5
2010-05-11 16:00:00,705
2010-05-12 16:00:00,705
2010-05-13 16:00:00,693.75
2010-05-14 16:00:00,686.25
2010-05-15 16:00:00,675
2010-05-16 16:00:00,671.25
2010-05-17 16:00:00,663.75
2010-05-18 16:00:00,645
2010-05-19 16:00:00,615
2010-05-20 16:00:00,592.5
2010-05-21 16:00:00,596.25
2010-05-22 16:00:00,596.25
2010-05-23 16:00:00,592.5
2010-05-24 16:00:00,588.75
2010-05-25 16:00:00,577.5
2010-05-26 16:00:00,566.25
2010-05-27 16:00:00,555
2010-05-28 16:00:00,551.25
2010-05-29 16:00:00,551.25
2010-05-30 16:00:00,558.75
2010-05-31 16:00:00,570
2010-06-01 16:00:00,566.25
2010-06-02 16:00:00,558.75
2010-06-03 16:00:00,558.75
2010-06-04 16:00:00,555
2010-06-05 16:00:00,547.5
2010-06-06 16:00:00,540
2010-06-07 16:00:00,521.25
2010-06-08 16:00:00,517.5
2010-06-09 16:00:00,502.50000000000006
2010-06-10 16:00:00,506.24999999999994
2010-06-11 16:00:00,506.24999999999994
2010-06-12 16:00:00,491.25
2010-06-13 16:00:00,461.25
2010-06-14 16:00:00,427.5
2010-06-15 16:00:00,408.75
2010-06-16 16:00:00,401.25
2010-06-17 16:00:00,393.75
2010-06-18 16:00:00,386.25
2010-06-19 16:00:00,371.25
2010-06-20 16:00:00,348.75
2010-06-21 16:00:00,318.75
2010-06-22 16:00:00,292.5
2010-06-23 16:00:00,266.25
2010-06-24 16:00:00,240
2010-06-25 16:00:00,217.5
2010-06-26 16:00:00,195
2010-06-27 16:00:00,157.5
2010-06-28 16:00:00,123.75
2010-06-29 16:00:00,90
2010-06-30 16:00:00,63.75
2010-07-01 16:00:00,37.5
2010-07-02 16:00:00,26.25
2010-07-03 16:00:00,22.5
2010-07-04 16:00:00,15
2010-07-05 16:00:00,11.25
2010-07-06 16:00:00,7.5
2010-07-07 16:00:00,0
2010-07-08 16:00:00,0
2010-07-09 16:00:00,0
2010-07-10 16:00:00,0
2010-07-11 16:00:00,0
2010-07-12 16:00:00,0
2010-07-13 16:00:00,0
2010-07-14 16:00:00,0
2010-07-15 16:00:00,0
2010-07-16 16:00:00,0
2010-07-17 16:00:00,0
2010-07-18 16:00:00,0
2010-07-19 16:00:00,0
2010-07-20 16:00:00,0
2010-07-21 16:00:00,0
2010-07-22 16:00:00,0
2010-07-23 16:00:00,0
2010-07-24 16:00:00,0
2010-07-25 16:00:00,0
2010-07-26 16:00:00,0
2010-07-27 16:00:00,0
2010-07-28 16:00:00,0
2010-07-29 16:00:00,0
2010-07-30 16:00:00,0
2010-07-31 16:00:00,0
2010-08-01 16:00:00,0
2010-08-02 16:00:00,0
2010-08-03 16:00:00,0
2010-08-04 16:00:00,0
2010-08-05 16:00:00,0
2010-08-06 16:00:00,0
2010-08-07 16:00:00,0
2010-08-08 16:00:00,0
2010-08-09 16:00:00,0
2010-08-10 16:00:00,0
2010-08-11 16:00:00,0
2010-08-12 16:00:00,0
2010-08-13 16:00:00,0
2010-08-14 16:00:00,0
2010-08-15 16:00:00,0
2010-08-16 16:00:00,0
2010-08-17 16:00:00,0
2010-08-18 16:00:00,0
2010-08-19 16:00:00,0
2010-08-20 16:00:00,0
2010-08-21 16:00:00,0
2010-08-22 16:00:00,0
2010-08-23 16:00:00,0
2010-08-24 16:00:00,0
2010-08-25 16:00:00,0
2010-08-26 16:00:00,0
2010-08-27 16:00:00,0
2010-08-28 16:00:00,0
2010-08-29 16:00:00,0
2010-08-30 16:00:00,0
2010-08-31 16:00:00,0
2010-09-01 16:00:00,0
2010-09-02 16:00:00,0
2010-09-03 16:00:00,0
2010-09-04 16:00:00,0
2010-09-05 16:00:00,0
2010-09-06 16:00:00,0
2010-09-07 16:00:00,0
2010-09-08 16:00:00,0
2010-09-09 16:00:00,0
2010-09-10 16:00:00,0
2010-09-11 16:00:00,0
2010-09-12 16:00:00,0
2010-09-13 16:00:00,0
2010-09-14 16:00:00,0
2010-09-15 16:00:00,0
2010-09-16 16:00:00,0
2010-09-17 16:00:00,0
2010-09-18 16:00:00,0
2010-09-19 16:00:00,0
2010-09-20 16:00:00,0
2010-09-21 16:00:00,0
2010-09-22 16:00:00,0
2010-09-23 16:00:00,0
2010-09-24 16:00:00,0
2010-09-25 16:00:00,0
2010-09-26 16:00:00,0
2010-09-27 16:00:00,0
2010-09-28 16:00:00,0
2010-09-29 16:00:00,0
2010-09-30 16:00:00,0
2010-10-01 16:00:00,0
2010-10-02 16:00:00,0
2010-10-03 16:00:00,0
2010-10-04 16:00:00,0
2010-10-05 16:00:00,0
2010-10-06 16:00:00,0
2010-10-07 16:00:00,0
2010-10-08 16:00:00,0
2010-10-09 16:00:00,0
2010-10-10 16:00:00,0
2010-10-11 16:00:00,0
2010-10-12 16:00:00,0
2010-10-13 16:00:00,0
2010-10-14 16:00:00,0
2010-10-15 16:00:00,0
2010-10-16 16:00:00,0
2010-10-17 16:00:00,0
2010-10-18 16:00:00,0
2010-10-19 16:00:00,0
2010-10-20 16:00:00,0
2010-10-21 16:00:00,0
2010-10-22 16:00:00,0
2010-10-23 16:00:00,0
2010-10-24 16:00:00,0
2010-10-25 16:00:00,26.25
2010-10-26 16:00:00,33.75
2010-10-27 16:00:00,37.5
2010-10-28 16:00:00,37.5
2010-10-29 16:00:00,45
2010-10-30 16:00:00,45
2010-10-31 16:00:00,45
2010-11-01 16:00:00,45
2010-11-02 16:00:00,67.5
2010-11-03 16:00:00,71.25
2010-11-04 16:00:00,71.25
2010-11-05 16:00:00,71.25
2010-11-06 16:00:00,71.25
2010-11-07 16:00:00,93.75
2010-11-08 16:00:00,101.25
2010-11-09 16:00:00,101.25
2010-11-10 16:00:00,101.25
2010-11-11 16:00:00,101.25
2010-11-12 16:00:00,97.5
2010-11-13 16:00:00,101.25
2010-11-14 16:00:00,105
2010-11-15 16:00:00,108.75
2010-11-16 16:00:00,127.5
2010-11-17 16:00:00,131.25
2010-11-18 16:00:00,153.75
2010-11-19 16:00:00,153.75
2010-11-20 16:00:00,157.5
2010-11-21 16:00:00,161.25
2010-11-22 16:00:00,161.25
2010-11-23 16:00:00,161.25
2010-11-24 16:00:00,161.25
2010-11-25 16:00:00,165
2010-11-26 16:00:00,172.5
2010-11-27 16:00:00,176.25
2010-11-28 16:00:00,176.25
2010-11-29 16:00:00,180
2010-11-30 16:00:00,180
2010-12-01 16:00:00,183.75
2010-12-02 16:00:00,183.75
2010-12-03 16:00:00,183.75
2010-12-04 16:00:00,187.5
2010-12-05 16:00:00,187.5
2010-12-06 16:00:00,187.5
2010-12-07 16:00:00,187.5
2010-12-08 16:00:00,191.25
2010-12-09 16:00:00,198.75
2010-12-10 16:00:00,202.5
2010-12-11 16:00:00,202.5
2010-12-12 16:00:00,206.25
2010-12-13 16:00:00,225
2010-12-14 16:00:00,228.75
2010-12-15 16:00:00,243.75
2010-12-16 16:00:00,243.75
2010-12-17 16:00:00,243.75
2010-12-18 16:00:00,247.5
2010-12-19 16:00:00,247.5
2010-12-20 16:00:00,247.5
2010-12-21 16:00:00,247.5
2010-12-22 16:00:00,247.5
2010-12-23 16:00:00,251.25000000000003
2010-12-24 16:00:00,251.25000000000003
2010-12-25 16:00:00,255
2010-12-26 16:00:00,255
2010-12-27 16:00:00,255
2010-12-28 16:00:00,258.75
2010-12-29 16:00:00,262.5
2010-12-30 16:00:00,266.25
2010-12-31 16:00:00,266.25
2011-01-01 16:00:00,266.25
2011-01-02 16:00:00,266.25
2011-01-03 16:00:00,266.25
2011-01-04 16:00:00,266.25
2011-01-05 16:00:00,270
2011-01-06 16:00:00,281.25
2011-01-07 16:00:00,296.25
2011-01-08 16:00:00,303.75
2011-01-09 16:00:00,307.5
2011-01-10 16:00:00,307.5
2011-01-11 16:00:00,307.5
2011-01-12 16:00:00,307.5
2011-01-13 16:00:00,318.75
2011-01-14 16:00:00,345
2011-01-15 16:00:00,371.25
2011-01-16 16:00:00,386.25
2011-01-17 16:00:00,401.25
2011-01-18 16:00:00,412.5
2011-01-19 16:00:00,412.5
2011-01-20 16:00:00,412.5
2011-01-21 16:00:00,427.5
2011-01-22 16:00:00,431.25
2011-01-23 16:00:00,431.25
2011-01-24 16:00:00,435
2011-01-25 16:00:00,442.5
2011-01-26 16:00:00,446.25
2011-01-27 16:00:00,446.25
2011-01-28 16:00:00,446.25
2011-01-29 16:00:00,457.5
2011-01-30 16:00:00,457.5
2011-01-31 16:00:00,457.5
2011-02-01 16:00:00,457.5
2011-02-02 16:00:00,457.5
2011-02-03 16:00:00,457.5
2011-02-04 16:00:00,480
2011-02-05 16:00:00,491.25
2011-02-06 16:00:00,495
2011-02-07 16:00:00,502.50000000000006
2011-02-08 16:00:00,502.50000000000006
2011-02-09 16:00:00,502.50000000000006
2011-02-10 16:00:00,506.24999999999994
2011-02-11 16:00:00,506.24999999999994
2011-02-12 16:00:00,528.75
2011-02-13 16:00:00,555
2011-02-14 16:00:00,566.25
2011-02-15 16:00:00,577.5
2011-02-16 16:00:00,588.75
2011-02-17 16:00:00,592.5
2011-02-18 16:00:00,592.5
2011-02-19 16:00:00,592.5
2011-02-20 16:00:00,596.25
2011-02-21 16:00:00,596.25
2011-02-22 16:00:00,600
2011-02-23 16:00:00,600
2011-02-24 16:00:00,603.75
2011-02-25 16:00:00,607.5
2011-02-26 16:00:00,611.25
2011-02-27 16:00:00,611.25
2011-02-28 16:00:00,618.75
2011-03-01 16:00:00,622.5
2011-03-02 16:00:00,637.5
2011-03-03 16:00:00,641.25
2011-03-04 16:00:00,648.75
2011-03-05 16:00:00,656.25
2011-03-06 16:00:00,660
2011-03-07 16:00:00,663.75
2011-03-08 16:00:00,663.75
2011-03-09 16:00:00,663.75
2011-03-10 16:00:00,682.5
2011-03-11 16:00:00,697.5
2011-03-12 16:00:00,701.25
2011-03-13 16:00:00,701.25
2011-03-14 16:00:00,708.75
2011-03-15 16:00:00,712.5
2011-03-16 16:00:00,716.25
2011-03-17 16:00:00,720
2011-03-18 16:00:00,723.75
2011-03-19 16:00:00,727.5
2011-03-20 16:00:00,735
2011-03-21 16:00:00,742.5
2011-03-22 16:00:00,742.5
2011-03-23 16:00:00,750
2011-03-24 16:00:00,757.5
2011-03-25 16:00:00,757.5
2011-03-26 16:00:00,765
2011-03-27 16:00:00,768.75
2011-03-28 16:00:00,772.5
2011-03-29 16:00:00,780
2011-03-30 16:00:00,791.25
2011-03-31 16:00:00,810
2011-04-01 16:00:00,821.25
2011-04-02 16:00:00,836.25
2011-04-03 16:00:00,836.25
2011-04-04 16:00:00,851.25
2011-04-05 16:00:00,855
2011-04-06 16:00:00,858.75
2011-04-07 16:00:00,866.25
2011-04-08 16:00:00,870
2011-04-09 16:00:00,873.75
2011-04-10 16:00:00,873.75
2011-04-11 16:00:00,881.25
2011-04-12 16:00:00,888.75
2011-04-13 16:00:00,892.5
2011-04-14 16:00:00,903.75
2011-04-15 16:00:00,907.5
2011-04-16 16:00:00,918.75
2011-04-17 16:00:00,918.75
2011-04-18 16:00:00,922.5
2011-04-19 16:00:00,922.5
2011-04-20 16:00:00,926.25
2011-04-21 16:00:00,926.25
2011-04-22 16:00:00,922.5
2011-04-23 16:00:00,922.5
2011-04-24 16:00:00,918.75
2011-04-25 16:00:00,926.25
2011-04-26 16:00:00,930
2011-04-27 16:00:00,933.75
2011-04-28 16:00:00,948.75
2011-04-29 16:00:00,948.75
2011-04-30 16:00:00,952.5
2011-05-01 16:00:00,956.25
2011-05-02 16:00:00,960
2011-05-03 16:00:00,963.75
2011-05-04 16:00:00,963.75
2011-05-05 16:00:00,971.25
2011-05-06 16:00:00,971.25
2011-05-07 16:00:00,975
2011-05-08 16:00:00,982.5
2011-05-09 16:00:00,978.75
2011-05-10 16:00:00,978.75
2011-05-11 16:00:00,971.25
2011-05-12 16:00:00,963.75
2011-05-13 16:00:00,960
2011-05-14 16:00:00,956.25
2011-05-15 16:00:00,933.75
2011-05-16 16:00:00,930
2011-05-17 16:00:00,933.75
2011-05-18 16:00:00,941.25
2011-05-19 16:00:00,930
2011-05-20 16:00:00,930
2011-05-21 16:00:00,922.5
2011-05-22 16:00:00,903.75
2011-05-23 16:00:00,885
2011-05-24 16:00:00,862.5
2011-05-25 16:00:00,851.25
2011-05-26 16:00:00,836.25
2011-05-27 16:00:00,832.5
2011-05-28 16:00:00,836.25
2011-05-29 16:00:00,832.5
2011-05-30 16:00:00,821.25
2011-05-31 16:00:00,806.25
2011-06-01 16:00:00,791.25
2011-06-02 16:00:00,783.75
2011-06-03 16:00:00,757.5
2011-06-04 16:00:00,742.5
2011-06-05 16:00:00,723.75
2011-06-06 16:00:00,697.5
2011-06-07 16:00:00,667.5
2011-06-08 16:00:00,678.75
2011-06-09 16:00:00,667.5
2011-06-10 16:00:00,645
2011-06-11 16:00:00,622.5
2011-06-12 16:00:00,607.5
2011-06-13 16:00:00,577.5
2011-06-14 16:00:00,562.5
2011-06-15 16:00:00,547.5
2011-06-16 16:00:00,528.75
2011-06-17 16:00:00,513.75
2011-06-18 16:00:00,487.5
2011-06-19 16:00:00,457.5
2011-06-20 16:00:00,438.75
2011-06-21 16:00:00,416.25
2011-06-22 16:00:00,390
2011-06-23 16:00:00,356.25
2011-06-24 16:00:00,345
2011-06-25 16:00:00,341.25
2011-06-26 16:00:00,337.5
2011-06-27 16:00:00,322.5
2011-06-28 16:00:00,285
2011-06-29 16:00:00,247.5
2011-06-30 16:00:00,221.25
2011-07-01 16:00:00,202.5
2011-07-02 16:00:00,191.25
2011-07-03 16:00:00,161.25
2011-07-04 16:00:00,146.25
2011-07-05 16:00:00,105
2011-07-06 16:00:00,60
2011-07-07 16:00:00,30
2011-07-08 16:00:00,15
2011-07-09 16:00:00,11.25
2011-07-10 16:00:00,0
2011-07-11 16:00:00,0
2011-07-12 16:00:00,0
2011-07-13 16:00:00,0
2011-07-14 16:00:00,0
2011-07-15 16:00:00,0
2011-07-16 16:00:00,0
2011-07-17 16:00:00,0
2011-07-18 16:00:00,0
2011-07-19 16:00:00,0
2011-07-20 16:00:00,0
2011-07-21 16:00:00,0
2011-07-22 16:00:00,0
2011-07-23 16:00:00,0
2011-07-24 16:00:00,0
2011-07-25 16:00:00,0
2011-07-26 16:00:00,0
2011-07-27 16:00:00,0
2011-07-28 16:00:00,0
2011-07-29 16:00:00,0
2011-07-30 16:00:00,0
2011-07-31 16:00:00,0
2011-08-01 16:00:00,0
2011-08-02 16:00:00,0
2011-08-03 16:00:00,0
2011-08-04 16:00:00,0
2011-08-05 16:00:00,0
2011-08-06 16:00:00,0
2011-08-07 16:00:00,0
2011-08-08 16:00:00,0
2011-08-09 16:00:00,0
2011-08-10 16:00:00,0
2011-08-11 16:00:00,0
2011-08-12 16:00:00,0
2011-08-13 16:00:00,0
2011-08-14 16:00:00,0
2011-08-15 16:00:00,0
2011-08-16 16:00:00,0
2011-08-17 16:00:00,0
2011-08-18 16:00:00,0
2011-08-19 16:00:00,0
2011-08-20 16:00:00,0
2011-08-21 16:00:00,0
2011-08-22 16:00:00,0
2011-08-23 16:00:00,0
2011-08-24 16:00:00,0
2011-08-25 16:00:00,0
2011-08-26 16:00:00,0
2011-08-27 16:00:00,0
2011-08-28 16:00:00,0
2011-08-29 16:00:00,0
2011-08-30 16:00:00,0
2011-08-31 16:00:00,0
2011-09-01 16:00:00,0
2011-09-02 16:00:00,0
2011-09-03 16:00:00,0
2011-09-04 16:00:00,0
2011-09-05 16:00:00,0
2011-09-06 16:00:00,0
2011-09-07 16:00:00,0
2011-09-08 16:00:00,0
2011-09-09 16:00:00,0
2011-09-10 16:00:00,0
2011-09-11 16:00:00,0
2011-09-12 16:00:00,0
2011-09-13 16:00:00,0
2011-09-14 16:00:00,0
2011-09-15 16:00:00,0
2011-09-16 16:00:00,0
2011-09-17 16:00:00,0
2011-09-18 16:00:00,0
2011-09-19 16:00:00,0
2011-09-20 16:00:00,0
2011-09-21 16:00:00,0
2011-09-22 16:00:00,0
2011-09-23 16:00:00,0
2011-09-24 16:00:00,0
2011-09-25 16:00:00,0
2011-09-26 16:00:00,0
2011-09-27 16:00:00,0
2011-09-28 16:00:00,0
2011-09-29 16:00:00,0
2011-09-30 16:00:00,0
2011-10-01 16:00:00,0
2011-10-02 16:00:00,0
2011-10-03 16:00:00,0
2011-10-04 16:00:00,0
2011-10-05 16:00:00,0
2011-10-06 16:00:00,0
2011-10-07 16:00:00,0
2011-10-08 16:00:00,0
2011-10-09 16:00:00,0
2011-10-10 16:00:00,0
2011-10-11 16:00:00,0
2011-10-12 16:00:00,0
2011-10-13 16:00:00,0
2011-10-14 16:00:00,0
2011-10-15 16:00:00,0
2011-10-16 16:00:00,0
2011-10-17 16:00:00,0
2011-10-18 16:00:00,15
2011-10-19 16:00:00,15
2011-10-20 16:00:00,18.75
2011-10-21 16:00:00,18.75
2011-10-22 16:00:00,18.75
2011-10-23 16:00:00,33.75
2011-10-24 16:00:00,33.75
2011-10-25 16:00:00,33.75
2011-10-26 16:00:00,33.75
2011-10-27 16:00:00,37.5
2011-10-28 16:00:00,37.5
2011-10-29 16:00:00,45
2011-10-30 16:00:00,45
2011-10-31 16:00:00,52.5
2011-11-01 16:00:00,56.25
2011-11-02 16:00:00,56.25
2011-11-03 16:00:00,56.25
2011-11-04 16:00:00,67.5
2011-11-05 16:00:00,67.5
2011-11-06 16:00:00,71.25
2011-11-07 16:00:00,71.25
2011-11-08 16:00:00,71.25
2011-11-09 16:00:00,75
2011-11-10 16:00:00,75
2011-11-11 16:00:00,78.75
2011-11-12 16:00:00,82.5
2011-11-13 16:00:00,93.75
2011-11-14 16:00:00,105
2011-11-15 16:00:00,105
2011-11-16 16:00:00,108.75
2011-11-17 16:00:00,116.25
2011-11-18 16:00:00,123.75
2011-11-19 16:00:00,123.75
2011-11-20 16:00:00,123.75
2011-11-21 16:00:00,123.75
2011-11-22 16:00:00,142.5
2011-11-23 16:00:00,202.5
2011-11-24 16:00:00,236.25
2011-11-25 16:00:00,240
2011-11-26 16:00:00,243.75
2011-11-27 16:00:00,258.75
2011-11-28 16:00:00,285
2011-11-29 16:00:00,285
2011-11-30 16:00:00,292.5
2011-12-01 16:00:00,292.5
2011-12-02 16:00:00,296.25
2011-12-03 16:00:00,296.25
2011-12-04 16:00:00,300
2011-12-05 16:00:00,300
2011-12-06 16:00:00,300
2011-12-07 16:00:00,300
2011-12-08 16:00:00,300
2011-12-09 16:00:00,300
2011-12-10 16:00:00,300
2011-12-11 16:00:00,300
2011-12-12 16:00:00,303.75
2011-12-13 16:00:00,303.75
2011-12-14 16:00:00,303.75
2011-12-15 16:00:00,303.75
2011-12-16 16:00:00,307.5
2011-12-17 16:00:00,311.25
2011-12-18 16:00:00,333.75
2011-12-19 16:00:00,333.75
2011-12-20 16:00:00,337.5
2011-12-21 16:00:00,341.25
2011-12-22 16:00:00,341.25
2011-12-23 16:00:00,341.25
2011-12-24 16:00:00,341.25
2011-12-25 16:00:00,341.25
2011-12-26 16:00:00,352.5
2011-12-27 16:00:00,356.25
2011-12-28 16:00:00,367.5
2011-12-29 16:00:00,393.75
2011-12-30 16:00:00,405
2011-12-31 16:00:00,407
2012-01-01 16:00:00,408.75
2012-01-02 16:00:00,408.75
2012-01-03 16:00:00,412.5
2012-01-04 16:00:00,412.5
2012-01-05 16:00:00,442.5
2012-01-06 16:00:00,450
2012-01-07 16:00:00,453.75
2012-01-08 16:00:00,453.75
2012-01-09 16:00:00,457.5
2012-01-10 16:00:00,461.25
2012-01-11 16:00:00,461.25
2012-01-12 16:00:00,461.25
2012-01-13 16:00:00,461.25
2012-01-14 16:00:00,468.75
2012-01-15 16:00:00,476.25
2012-01-16 16:00:00,483.75
2012-01-17 16:00:00,487.5
2012-01-18 16:00:00,495
2012-01-19 16:00:00,495
2012-01-20 16:00:00,495
2012-01-21 16:00:00,506.24999999999994
2012-01-22 16:00:00,506.24999999999994
2012-01-23 16:00:00,510
2012-01-24 16:00:00,510
2012-01-25 16:00:00,516.75
2012-01-26 16:00:00,523.5
2012-01-27 16:00:00,530.25
2012-01-28 16:00:00,537
2012-01-29 16:00:00,543.75
2012-01-30 16:00:00,550.5
2012-01-31 16:00:00,557.25
2012-02-01 16:00:00,564
2012-02-02 16:00:00,570.75
2012-02-03 16:00:00,577.5
2012-02-04 16:00:00,577.5
2012-02-05 16:00:00,577.5
2012-02-06 16:00:00,577.5
2012-02-07 16:00:00,577.5
2012-02-08 16:00:00,581.25
2012-02-09 16:00:00,577.5
2012-02-10 16:00:00,581.25
2012-02-11 16:00:00,577.5
2012-02-12 16:00:00,581.25
2012-02-13 16:00:00,581.25
2012-02-14 16:00:00,588.75
2012-02-15 16:00:00,588.75
2012-02-16 16:00:00,588.75
2012-02-17 16:00:00,592.5
2012-02-18 16:00:00,592.5
2012-02-19 16:00:00,603.75
2012-02-20 16:00:00,615
2012-02-21 16:00:00,618.75
2012-02-22 16:00:00,637.5
2012-02-23 16:00:00,637.5
2012-02-24 16:00:00,645
2012-02-25 16:00:00,660
2012-02-26 16:00:00,671.25
2012-02-27 16:00:00,678.75
2012-02-28 16:00:00,678.75
2012-02-29 16:00:00,682.5
2012-03-01 16:00:00,682.5
2012-03-02 16:00:00,682.5
2012-03-03 16:00:00,690
2012-03-04 16:00:00,716.25
2012-03-05 16:00:00,742.5
2012-03-06 16:00:00,768.75
2012-03-07 16:00:00,772.5
2012-03-08 16:00:00,772.5
2012-03-09 16:00:00,780
2012-03-10 16:00:00,783.75
2012-03-11 16:00:00,798.75
2012-03-12 16:00:00,802.5
2012-03-13 16:00:00,836.25
2012-03-14 16:00:00,843.75
2012-03-15 16:00:00,858.75
2012-03-16 16:00:00,888.75
2012-03-17 16:00:00,896.25
2012-03-18 16:00:00,903.75
2012-03-19 16:00:00,903.75
2012-03-20 16:00:00,911.25
2012-03-21 16:00:00,911.25
2012-03-22 16:00:00,922.5
2012-03-23 16:00:00,922.5
2012-03-24 16:00:00,922.5
2012-03-25 16:00:00,930
2012-03-26 16:00:00,930
2012-03-27 16:00:00,933.75
2012-03-28 16:00:00,941.25
2012-03-29 16:00:00,945
2012-03-30 16:00:00,971.25
2012-03-31 16:00:00,978.75
2012-04-01 16:00:00,993.75
2012-04-02 16:00:00,993.75
2012-04-03 16:00:00,1005.0000000000001
2012-04-04 16:00:00,1008.75
2012-04-05 16:00:00,1031.25
2012-04-06 16:00:00,1042.5
2012-04-07 16:00:00,1042.5
2012-04-08 16:00:00,1046.25
2012-04-09 16:00:00,1053.75
2012-04-10 16:00:00,1053.75
2012-04-11 16:00:00,1057.5
2012-04-12 16:00:00,1057.5
2012-04-13 16:00:00,1087.5
2012-04-14 16:00:00,1102.5
2012-04-15 16:00:00,1106.25
2012-04-16 16:00:00,1113.75
2012-04-17 16:00:00,1117.5
2012-04-18 16:00:00,1125
2012-04-19 16:00:00,1128.75
2012-04-20 16:00:00,1140
2012-04-21 16:00:00,1136.25
2012-04-22 16:00:00,1140
2012-04-23 16:00:00,1143.75
2012-04-24 16:00:00,1151.25
2012-04-25 16:00:00,1166.25
2012-04-26 16:00:00,1166.25
2012-04-27 16:00:00,1166.25
2012-04-28 16:00:00,1173.75
2012-04-29 16:00:00,1177.5
2012-04-30 16:00:00,1185
2012-05-01 16:00:00,1196.25
2012-05-01 16:00:01,NaN
2012-05-09 15:59:59,NaN
2012-05-09 16:00:00,1173.75
2012-05-10 16:00:00,1140
2012-05-11 16:00:00,1136.25
2012-05-12 16:00:00,1136.25
2012-05-13 16:00:00,1121.25
2012-05-14 16:00:00,1098.75
2012-05-15 16:00:00,1080
2012-05-16 16:00:00,1061.25
2012-05-17 16:00:00,1050
2012-05-18 16:00:00,1038.75
2012-05-19 16:00:00,1031.25
2012-05-20 16:00:00,1027.5
2012-05-21 16:00:00,1027.5
2012-05-22 16:00:00,1027.5
2012-05-23 16:00:00,1008.75
2012-05-24 16:00:00,1001.25
2012-05-25 16:00:00,997.5
2012-05-26 16:00:00,993.75
2012-05-27 16:00:00,982.5
2012-05-28 16:00:00,963.75
2012-05-29 16:00:00,952.5
2012-05-30 16:00:00,945
2012-05-31 16:00:00,937.5
2012-06-01 16:00:00,930
2012-06-02 16:00:00,926.25
2012-06-03 16:00:00,903.75
2012-06-04 16:00:00,892.5
2012-06-05 16:00:00,892.5
2012-06-06 16:00:00,877.5
2012-06-07 16:00:00,858.75
2012-06-08 16:00:00,862.5
2012-06-09 16:00:00,866.25
2012-06-10 16:00:00,862.5
2012-06-11 16:00:00,855
2012-06-12 16:00:00,851.25
2012-06-13 16:00:00,836.25
2012-06-14 16:00:00,813.75
2012-06-15 16:00:00,795
2012-06-16 16:00:00,787.5
2012-06-17 16:00:00,780
2012-06-18 16:00:00,757.5
2012-06-19 16:00:00,731.25
2012-06-20 16:00:00,708.75
2012-06-21 16:00:00,693.75
2012-06-22 16:00:00,660
2012-06-23 16:00:00,630
2012-06-24 16:00:00,615
2012-06-25 16:00:00,600
2012-06-26 16:00:00,585
2012-06-27 16:00:00,570
2012-06-28 16:00:00,555
2012-06-29 16:00:00,521.25
2012-06-30 16:00:00,498.75
2012-07-01 16:00:00,472.5
2012-07-02 16:00:00,442.5
2012-07-03 16:00:00,416.25
2012-07-04 16:00:00,401.25
2012-07-05 16:00:00,386.25
2012-07-06 16:00:00,352.5
2012-07-07 16:00:00,322.5
2012-07-08 16:00:00,281.25
2012-07-09 16:00:00,236.25
2012-07-10 16:00:00,191.25
2012-07-11 16:00:00,150
2012-07-12 16:00:00,93.75
2012-07-13 16:00:00,52.5
2012-07-14 16:00:00,30
2012-07-15 16:00:00,18.75
2012-07-16 16:00:00,15
2012-07-17 16:00:00,11.25
2012-07-18 16:00:00,7.5
2012-07-19 16:00:00,0
2012-07-20 16:00:00,0
2012-07-21 16:00:00,0
2012-07-22 16:00:00,0
2012-07-23 16:00:00,0
2012-07-24 16:00:00,0
2012-07-25 16:00:00,0
2012-07-26 16:00:00,0
2012-07-27 16:00:00,0
2012-07-28 16:00:00,0
2012-07-29 16:00:00,0
2012-07-30 16:00:00,0
2012-07-31 16:00:00,0
2012-08-01 16:00:00,0
2012-08-02 16:00:00,0
2012-08-03 16:00:00,0
2012-08-04 16:00:00,0
2012-08-05 16:00:00,0
2012-08-06 16:00:00,0
2012-08-07 16:00:00,0
2012-08-08 16:00:00,0
2012-08-09 16:00:00,0
2012-08-10 16:00:00,0
2012-08-11 16:00:00,0
2012-08-12 16:00:00,0
2012-08-13 16:00:00,0
2012-08-14 16:00:00,0
2012-08-15 16:00:00,0
2012-08-16 16:00:00,0
2012-08-17 16:00:00,0
2012-08-18 16:00:00,0
2012-08-19 16:00:00,0
2012-08-20 16:00:00,0
2012-08-21 16:00:00,0
2012-08-22 16:00:00,0
2012-08-23 16:00:00,0
2012-08-24 16:00:00,0
2012-08-25 16:00:00,0
2012-08-26 16:00:00,0
2012-08-27 16:00:00,0
2012-08-28 16:00:00,0
2012-08-29 16:00:00,0
2012-08-30 16:00:00,0
2012-08-31 16:00:00,0
2012-09-01 16:00:00,0
2012-09-02 16:00:00,0
2012-09-03 16:00:00,0
2012-09-04 16:00:00,0
2012-09-05 16:00:00,0
2012-09-06 16:00:00,0
2012-09-07 16:00:00,0
2012-09-08 16:00:00,0
2012-09-09 16:00:00,0
2012-09-10 16:00:00,0
2012-09-11 16:00:00,0
2012-09-12 16:00:00,0
2012-09-13 16:00:00,0
2012-09-14 16:00:00,0
2012-09-15 16:00:00,0
2012-09-16 16:00:00,0
2012-09-17 16:00:00,0
2012-09-18 16:00:00,0
2012-09-19 16:00:00,0
2012-09-20 16:00:00,0
2012-09-21 16:00:00,0
2012-09-22 16:00:00,0
2012-09-23 16:00:00,0
2012-09-24 16:00:00,0
2012-09-25 16:00:00,0
2012-09-26 16:00:00,0
2012-09-27 16:00:00,0
2012-09-28 16:00:00,0
2012-09-29 16:00:00,0
2012-09-30 16:00:00,0
2012-10-01 16:00:00,0
2012-10-02 16:00:00,0
2012-10-03 16:00:00,0
2012-10-04 16:00:00,0
2012-10-05 16:00:00,0
2012-10-06 16:00:00,0
2012-10-07 16:00:00,0
2012-10-08 16:00:00,0
2012-10-09 16:00:00,0
2012-10-10 16:00:00,0
2012-10-11 16:00:00,0
2012-10-12 16:00:00,0
2012-10-13 16:00:00,0
2012-10-14 16:00:00,0
2012-10-15 16:00:00,0
2012-10-16 16:00:00,0
2012-10-17 16:00:00,0
2012-10-18 16:00:00,0
2012-10-19 16:00:00,20
2012-10-20 16:00:00,33
2012-10-21 16:00:00,43
2012-10-22 16:00:00,52
2012-10-23 16:00:00,58
2012-10-24 16:00:00,60
2012-10-25 16:00:00,60
2012-10-26 16:00:00,62
2012-10-27 16:00:00,65
2012-10-28 16:00:00,70
2012-10-29 16:00:00,72
2012-10-30 16:00:00,82
2012-10-31 16:00:00,91
2012-11-01 16:00:00,99
2012-11-02 16:00:00,101
2012-11-03 16:00:00,102
2012-11-04 16:00:00,113
2012-11-05 16:00:00,114
2012-11-06 16:00:00,113
2012-11-07 16:00:00,151
2012-11-08 16:00:00,162
2012-11-09 16:00:00,163
2012-11-10 16:00:00,163
2012-11-11 16:00:00,163
2012-11-12 16:00:00,163
2012-11-13 16:00:00,164
2012-11-14 16:00:00,165
2012-11-15 16:00:00,166
2012-11-16 16:00:00,167
2012-11-17 16:00:00,168
2012-11-18 16:00:00,178
2012-11-19 16:00:00,185
2012-11-20 16:00:00,225
2012-11-21 16:00:00,248
2012-11-22 16:00:00,273
2012-11-23 16:00:00,277
2012-11-24 16:00:00,284
2012-11-25 16:00:00,287
2012-11-26 16:00:00,287
2012-11-27 16:00:00,286
2012-11-28 16:00:00,285
2012-11-29 16:00:00,286
2012-11-30 16:00:00,295
2012-12-01 16:00:00,301
2012-12-02 16:00:00,310
2012-12-03 16:00:00,320
2012-12-04 16:00:00,328
2012-12-05 16:00:00,361
2012-12-06 16:00:00,362
2012-12-07 16:00:00,365
2012-12-08 16:00:00,367
2012-12-09 16:00:00,368
2012-12-10 16:00:00,368
2012-12-11 16:00:00,382
2012-12-12 16:00:00,383
2012-12-13 16:00:00,382
2012-12-14 16:00:00,382
2012-12-15 16:00:00,383
2012-12-16 16:00:00,383
2012-12-17 16:00:00,385
2012-12-18 16:00:00,386
2012-12-19 16:00:00,386
2012-12-20 16:00:00,391
2012-12-21 16:00:00,408
2012-12-22 16:00:00,414
2012-12-23 16:00:00,427
2012-12-24 16:00:00,428
2012-12-25 16:00:00,428
2012-12-26 16:00:00,428
2012-12-27 16:00:00,428
2012-12-28 16:00:00,428.50000000004366
2012-12-29 16:00:00,429
2012-12-30 16:00:00,428.66666666668607
2012-12-31 16:00:00,432.8222222222403
2013-01-01 16:00:00,436.9777777777946
2013-01-02 16:00:00,441.13333333334884
2013-01-03 16:00:00,445.2888888889031
2013-01-04 16:00:00,449.44444444445736
2013-01-05 16:00:00,453.6000000000116
2013-01-06 16:00:00,457.75555555556593
2013-01-07 16:00:00,461.91111111112014
2013-01-08 16:00:00,466.06666666667445
2013-01-09 16:00:00,470.2222222222287
2013-01-10 16:00:00,474.37777777778297
2013-01-11 16:00:00,478.5333333333372
2013-01-12 16:00:00,482.6888888888915
2013-01-13 16:00:00,486.84444444444574
2013-01-14 16:00:00,491
2013-01-15 16:00:00,490
2013-01-16 16:00:00,490
2013-01-17 16:00:00,492
2013-01-18 16:00:00,493
2013-01-19 16:00:00,493
2013-01-20 16:00:00,492
2013-01-21 16:00:00,494
2013-01-22 16:00:00,494
2013-01-23 16:00:00,495
2013-01-24 16:00:00,502
2013-01-25 16:00:00,506
2013-01-26 16:00:00,511
2013-01-27 16:00:00,512
2013-01-28 16:00:00,516
2013-01-29 16:00:00,519
2013-01-30 16:00:00,525
2013-01-31 16:00:00,527
2013-02-01 16:00:00,533
2013-02-02 16:00:00,534
2013-02-03 16:00:00,538
2013-02-04 16:00:00,542
2013-02-05 16:00:00,545
2013-02-06 16:00:00,545
2013-02-07 16:00:00,547
2013-02-08 16:00:00,548
2013-02-09 16:00:00,548
2013-02-10 16:00:00,546
2013-02-11 16:00:00,548
2013-02-12 16:00:00,548
2013-02-13 16:00:00,556
2013-02-14 16:00:00,560
2013-02-15 16:00:00,560
2013-02-16 16:00:00,565
2013-02-17 16:00:00,565
2013-02-18 16:00:00,570
2013-02-19 16:00:00,572
2013-02-20 16:00:00,571
2013-02-21 16:00:00,570
2013-02-22 16:00:00,575
2013-02-23 16:00:00,574
2013-02-24 16:00:00,575
2013-02-25 16:00:00,582
2013-02-26 16:00:00,580
2013-02-27 16:00:00,582
2013-02-28 16:00:00,583
2013-03-01 16:00:00,590
2013-03-02 16:00:00,614
2013-03-03 16:00:00,629
2013-03-04 16:00:00,630
2013-03-05 16:00:00,635
2013-03-06 16:00:00,638
2013-03-07 16:00:00,640
2013-03-08 16:00:00,648
2013-03-09 16:00:00,647
2013-03-10 16:00:00,651
2013-03-11 16:00:00,653
2013-03-12 16:00:00,658
2013-03-13 16:00:00,667
2013-03-14 16:00:00,677
2013-03-15 16:00:00,691
2013-03-16 16:00:00,702
2013-03-17 16:00:00,716
2013-03-18 16:00:00,728
2013-03-19 16:00:00,731
2013-03-20 16:00:00,743
2013-03-21 16:00:00,746
2013-03-22 16:00:00,752
2013-03-23 16:00:00,754
2013-03-24 16:00:00,755
2013-03-25 16:00:00,756
2013-03-26 16:00:00,756
2013-03-27 16:00:00,755
2013-03-28 16:00:00,754
2013-03-29 16:00:00,753
2013-03-30 16:00:00,752
2013-03-31 16:00:00,753
2013-04-01 16:00:00,753
2013-04-02 16:00:00,756
2013-04-03 16:00:00,759
2013-04-04 16:00:00,765
2013-04-05 16:00:00,771
2013-04-06 16:00:00,778
2013-04-07 16:00:00,794
2013-04-08 16:00:00,789
2013-04-09 16:00:00,794
2013-04-10 16:00:00,803
2013-04-11 16:00:00,809
2013-04-12 16:00:00,821
2013-04-13 16:00:00,831
2013-04-14 16:00:00,831
2013-04-15 16:00:00,832
2013-04-16 16:00:00,832
2013-04-17 16:00:00,836
2013-04-18 16:00:00,836
2013-04-19 16:00:00,848
2013-04-20 16:00:00,851
2013-04-21 16:00:00,853
2013-04-22 16:00:00,852
2013-04-23 16:00:00,856
2013-04-24 16:00:00,856
2013-04-25 16:00:00,861
2013-04-26 16:00:00,858
2013-04-27 16:00:00,866
2013-04-28 16:00:00,865
2013-04-29 16:00:00,875
2013-04-30 16:00:00,874
2013-05-01 16:00:00,871
2013-05-02 16:00:00,877
2013-05-03 16:00:00,879
2013-05-04 16:00:00,874
2013-05-05 16:00:00,866
2013-05-06 16:00:00,854
2013-05-07 16:00:00,819
2013-05-08 16:00:00,801
2013-05-09 16:00:00,760
2013-05-10 16:00:00,741
2013-05-11 16:00:00,735
2013-05-12 16:00:00,723
2013-05-13 16:00:00,718
2013-05-14 16:00:00,728
2013-05-15 16:00:00,733
2013-05-16 16:00:00,732
2013-05-17 16:00:00,730
2013-05-18 16:00:00,719
2013-05-19 16:00:00,709
2013-05-20 16:00:00,704
2013-05-21 16:00:00,692
2013-05-22 16:00:00,668
2013-05-23 16:00:00,663
2013-05-24 16:00:00,671
2013-05-25 16:00:00,711
2013-05-26 16:00:00,728
2013-05-27 16:00:00,728
2013-05-28 16:00:00,723
2013-05-29 16:00:00,720
2013-05-30 16:00:00,701
2013-05-31 16:00:00,690
2013-06-01 16:00:00,687
2013-06-02 16:00:00,682
2013-06-03 16:00:00,669
2013-06-04 16:00:00,658
2013-06-05 16:00:00,642
2013-06-06 16:00:00,624
2013-06-07 16:00:00,595
2013-06-08 16:00:00,576
2013-06-09 16:00:00,566
2013-06-10 16:00:00,560
2013-06-11 16:00:00,541
2013-06-12 16:00:00,518
2013-06-13 16:00:00,503
2013-06-14 16:00:00,480
2013-06-15 16:00:00,469
2013-06-16 16:00:00,442
2013-06-17 16:00:00,413
2013-06-18 16:00:00,388
2013-06-19 16:00:00,370
2013-06-20 16:00:00,348
2013-06-21 16:00:00,326
2013-06-22 16:00:00,307
2013-06-23 16:00:00,278
2013-06-24 16:00:00,256
2013-06-25 16:00:00,241
2013-06-26 16:00:00,214
2013-06-27 16:00:00,194
2013-06-28 16:00:00,173
2013-06-29 16:00:00,130
2013-06-30 16:00:00,89
2013-07-01 16:00:00,38
2013-07-02 16:00:00,0
2013-07-03 16:00:00,0
2013-07-04 16:00:00,0
2013-07-05 16:00:00,0
2013-07-06 16:00:00,0
2013-07-07 16:00:00,0
2013-07-08 16:00:00,0
2013-07-09 16:00:00,0
2013-07-10 16:00:00,0
2013-07-11 16:00:00,0
2013-07-12 16:00:00,0
2013-07-13 16:00:00,0
2013-07-14 16:00:00,0
2013-07-15 16:00:00,0
2013-07-16 16:00:00,0
2013-07-17 16:00:00,0
2013-07-18 16:00:00,0
2013-07-19 16:00:00,0
2013-07-20 16:00:00,0
2013-07-21 16:00:00,0
2013-07-22 16:00:00,0
2013-07-23 16:00:00,0
2013-07-24 16:00:00,0
2013-07-25 16:00:00,0
2013-07-26 16:00:00,0
2013-07-27 16:00:00,0
2013-07-28 16:00:00,0
2013-07-29 16:00:00,0
2013-07-30 16:00:00,0
2013-07-31 16:00:00,0
2013-08-01 16:00:00,0
2013-08-02 16:00:00,0
2013-08-03 16:00:00,0
2013-08-04 16:00:00,0
2013-08-05 16:00:00,0
2013-08-06 16:00:00,0
2013-08-07 16:00:00,0
2013-08-08 16:00:00,0
2013-08-09 16:00:00,0
2013-08-10 16:00:00,0
2013-08-11 16:00:00,0
2013-08-12 16:00:00,0
2013-08-13 16:00:00,0
2013-08-14 16:00:00,0
2013-08-15 16:00:00,0
2013-08-16 16:00:00,0
2013-08-17 16:00:00,0
2013-08-18 16:00:00,0
2013-08-19 16:00:00,0
2013-08-20 16:00:00,0
2013-08-21 16:00:00,0
2013-08-22 16:00:00,0
2013-08-23 16:00:00,0
2013-08-24 16:00:00,0
2013-08-25 16:00:00,0
2013-08-26 16:00:00,0
2013-08-27 16:00:00,0
2013-08-28 16:00:00,0
2013-08-29 16:00:00,0
2013-08-30 16:00:00,0
2013-08-31 16:00:00,0
2013-09-01 16:00:00,0
2013-09-02 16:00:00,0
2013-09-03 16:00:00,0
2013-09-04 16:00:00,0
2013-09-05 16:00:00,0
2013-09-06 16:00:00,0
2013-09-07 16:00:00,0
2013-09-08 16:00:00,0
2013-09-09 16:00:00,0
2013-09-10 16:00:00,0
2013-09-11 16:00:00,0
2013-09-12 16:00:00,0
2013-09-13 16:00:00,0
2013-09-14 16:00:00,0
2013-09-15 16:00:00,0
2013-09-16 16:00:00,0
2013-09-17 16:00:00,0
2013-09-18 16:00:00,0
2013-09-19 16:00:00,0
2013-09-20 16:00:00,0
2013-09-21 16:00:00,0
2013-09-22 16:00:00,0
2013-09-23 16:00:00,0
2013-09-24 16:00:00,0
2013-09-25 16:00:00,0
2013-09-26 16:00:00,0
2013-09-27 16:00:00,0
2013-09-28 16:00:00,0
2013-09-29 16:00:00,9
2013-09-30 16:00:00,23
2013-10-01 16:00:00,25
2013-10-02 16:00:00,25
2013-10-03 16:00:00,23
2013-10-04 16:00:00,23
2013-10-05 16:00:00,24
2013-10-06 16:00:00,24
2013-10-07 16:00:00,12
2013-10-08 16:00:00,0
2013-10-09 16:00:00,7
2013-10-10 16:00:00,8
2013-10-11 16:00:00,13
2013-10-12 16:00:00,13
2013-10-13 16:00:00,13
2013-10-14 16:00:00,12
2013-10-15 16:00:00,12
2013-10-16 16:00:00,20
2013-10-17 16:00:00,20
2013-10-18 16:00:00,19
2013-10-19 16:00:00,20
2013-10-20 16:00:00,20
2013-10-21 16:00:00,20
2013-10-22 16:00:00,20
2013-10-23 16:00:00,20
2013-10-24 16:00:00,20
2013-10-25 16:00:00,20
2013-10-26 16:00:00,19
2013-10-27 16:00:00,27
2013-10-28 16:00:00,28
2013-10-29 16:00:00,27
2013-10-30 16:00:00,30
2013-10-31 16:00:00,32
2013-11-01 16:00:00,33
2013-11-02 16:00:00,42
2013-11-03 16:00:00,62
2013-11-04 16:00:00,63
2013-11-05 16:00:00,63
2013-11-06 16:00:00,64
2013-11-07 16:00:00,66
2013-11-08 16:00:00,75
2013-11-09 16:00:00,78
2013-11-10 16:00:00,83
2013-11-11 16:00:00,83
2013-11-12 16:00:00,84
2013-11-13 16:00:00,85
2013-11-14 16:00:00,93
2013-11-15 16:00:00,95
2013-11-16 16:00:00,98
2013-11-17 16:00:00,107
2013-11-18 16:00:00,117
2013-11-19 16:00:00,149
2013-11-20 16:00:00,152
2013-11-21 16:00:00,152
2013-11-22 16:00:00,153
2013-11-23 16:00:00,153
2013-11-24 16:00:00,153
2013-11-25 16:00:00,153
2013-11-26 16:00:00,153
2013-11-27 16:00:00,152
2013-11-28 16:00:00,152
2013-11-29 16:00:00,153
2013-11-30 16:00:00,159
2013-12-01 16:00:00,162
2013-12-02 16:00:00,168
2013-12-03 16:00:00,167
2013-12-04 16:00:00,168
2013-12-05 16:00:00,169
2013-12-06 16:00:00,169
2013-12-07 16:00:00,169
2013-12-08 16:00:00,170
2013-12-09 16:00:00,171
2013-12-10 16:00:00,173
2013-12-11 16:00:00,181
2013-12-12 16:00:00,187
2013-12-13 16:00:00,187
2013-12-14 16:00:00,192
2013-12-15 16:00:00,197
2013-12-16 16:00:00,219
2013-12-17 16:00:00,220
2013-12-18 16:00:00,232
2013-12-19 16:00:00,235
2013-12-20 16:00:00,235
2013-12-21 16:00:00,236
2013-12-22 16:00:00,237
2013-12-23 16:00:00,240
2013-12-24 16:00:00,241
2013-12-25 16:00:00,241
2013-12-26 16:00:00,242
2013-12-27 16:00:00,244
2013-12-28 16:00:00,252
2013-12-29 16:00:00,255
2013-12-30 16:00:00,262
2013-12-31 16:00:00,271
2014-01-01 16:00:00,272
2014-01-02 16:00:00,274
2014-01-03 16:00:00,290
2014-01-04 16:00:00,299
2014-01-05 16:00:00,300
2014-01-06 16:00:00,359
2014-01-07 16:00:00,358
2014-01-08 16:00:00,355
2014-01-09 16:00:00,346
2014-01-10 16:00:00,343
2014-01-11 16:00:00,346
2014-01-12 16:00:00,364
2014-01-13 16:00:00,388
2014-01-14 16:00:00,404
2014-01-15 16:00:00,410
2014-01-16 16:00:00,413
2014-01-17 16:00:00,412
2014-01-18 16:00:00,413
2014-01-19 16:00:00,413
2014-01-20 16:00:00,414
2014-01-21 16:00:00,414
2014-01-22 16:00:00,414
2014-01-23 16:00:00,416
2014-01-24 16:00:00,416
2014-01-25 16:00:00,416
2014-01-26 16:00:00,418
2014-01-27 16:00:00,419
2014-01-28 16:00:00,427
2014-01-29 16:00:00,427
2014-01-30 16:00:00,427
2014-01-31 16:00:00,427
2014-02-01 16:00:00,428
2014-02-02 16:00:00,428
2014-02-03 16:00:00,428
2014-02-04 16:00:00,428
2014-02-05 16:00:00,428
2014-02-06 16:00:00,428
2014-02-07 16:00:00,427
2014-02-08 16:00:00,427
2014-02-09 16:00:00,427
2014-02-10 16:00:00,428
2014-02-11 16:00:00,431
2014-02-12 16:00:00,454
2014-02-13 16:00:00,461
2014-02-14 16:00:00,475
2014-02-15 16:00:00,479
2014-02-16 16:00:00,495
2014-02-17 16:00:00,504
2014-02-18 16:00:00,505
2014-02-19 16:00:00,518
2014-02-20 16:00:00,526
2014-02-21 16:00:00,527
2014-02-22 16:00:00,529
2014-02-23 16:00:00,531
2014-02-24 16:00:00,531
2014-02-25 16:00:00,532
2014-02-26 16:00:00,534
2014-02-27 16:00:00,537
2014-02-28 16:00:00,537
2014-03-01 16:00:00,538
2014-03-02 16:00:00,539
2014-03-03 16:00:00,544
2014-03-04 16:00:00,551
2014-03-05 16:00:00,565
2014-03-06 16:00:00,579
2014-03-07 16:00:00,587
2014-03-08 16:00:00,592
2014-03-09 16:00:00,615
2014-03-10 16:00:00,624
2014-03-11 16:00:00,621
2014-03-12 16:00:00,625
2014-03-13 16:00:00,628
2014-03-14 16:00:00,629
2014-03-15 16:00:00,628
2014-03-16 16:00:00,652
2014-03-17 16:00:00,670
2014-03-18 16:00:00,674
2014-03-19 16:00:00,678
2014-03-20 16:00:00,679
2014-03-21 16:00:00,693
2014-03-22 16:00:00,698
2014-03-23 16:00:00,703
2014-03-24 16:00:00,707
2014-03-25 16:00:00,712
2014-03-26 16:00:00,716
2014-03-27 16:00:00,720
2014-03-28 16:00:00,721
2014-03-29 16:00:00,728
2014-03-30 16:00:00,739
2014-03-31 16:00:00,748
2014-04-01 16:00:00,756
2014-04-02 16:00:00,757
2014-04-03 16:00:00,758
2014-04-04 16:00:00,761
2014-04-05 16:00:00,760
2014-04-06 16:00:00,760
2014-04-07 16:00:00,760
2014-04-08 16:00:00,764
2014-04-09 16:00:00,771
2014-04-10 16:00:00,773
2014-04-11 16:00:00,778
2014-04-12 16:00:00,783
2014-04-13 16:00:00,784
2014-04-14 16:00:00,788
2014-04-15 16:00:00,788
2014-04-16 16:00:00,789
2014-04-17 16:00:00,797
2014-04-18 16:00:00,814
2014-04-19 16:00:00,828
2014-04-20 16:00:00,829
2014-04-21 16:00:00,834
2014-04-22 16:00:00,840
2014-04-23 16:00:00,852
2014-04-24 16:00:00,860
2014-04-25 16:00:00,864
2014-04-26 16:00:00,873
2014-04-27 16:00:00,885
2014-04-28 16:00:00,886
2014-04-29 16:00:00,885
2014-04-30 16:00:00,888
2014-05-01 16:00:00,889
2014-05-02 16:00:00,896
2014-05-03 16:00:00,919
2014-05-04 16:00:00,928
2014-05-05 16:00:00,936
2014-05-06 16:00:00,936
2014-05-07 16:00:00,939
2014-05-08 16:00:00,935
2014-05-09 16:00:00,934
2014-05-10 16:00:00,953
2014-05-11 16:00:00,954
2014-05-12 16:00:00,952
2014-05-13 16:00:00,946
2014-05-14 16:00:00,945
2014-05-15 16:00:00,944
2014-05-16 16:00:00,931
2014-05-17 16:00:00,915
2014-05-18 16:00:00,911
2014-05-19 16:00:00,900
2014-05-20 16:00:00,884
2014-05-21 16:00:00,870
2014-05-22 16:00:00,848
2014-05-23 16:00:00,825
2014-05-24 16:00:00,788
2014-05-25 16:00:00,768
2014-05-26 16:00:00,763
2014-05-27 16:00:00,749
2014-05-28 16:00:00,735
2014-05-29 16:00:00,743
2014-05-30 16:00:00,752
2014-05-31 16:00:00,746
2014-06-01 16:00:00,724
2014-06-02 16:00:00,700
2014-06-03 16:00:00,689
2014-06-04 16:00:00,659
2014-06-05 16:00:00,639
2014-06-06 16:00:00,627
2014-06-07 16:00:00,613
2014-06-08 16:00:00,599
2014-06-09 16:00:00,587
2014-06-10 16:00:00,570
2014-06-11 16:00:00,549
2014-06-12 16:00:00,534
2014-06-13 16:00:00,523
2014-06-14 16:00:00,518
2014-06-15 16:00:00,504
2014-06-16 16:00:00,489
2014-06-17 16:00:00,470
2014-06-18 16:00:00,461
2014-06-19 16:00:00,427
2014-06-20 16:00:00,387
2014-06-21 16:00:00,360
2014-06-22 16:00:00,341
2014-06-23 16:00:00,307
2014-06-24 16:00:00,275
2014-06-25 16:00:00,245
2014-06-26 16:00:00,224
2014-06-27 16:00:00,200
2014-06-28 16:00:00,171
2014-06-29 16:00:00,145
2014-06-30 16:00:00,120
2014-07-01 16:00:00,100
2014-07-02 16:00:00,51
2014-07-03 16:00:00,17
2014-07-04 16:00:00,0
2014-07-05 16:00:00,0
2014-07-06 16:00:00,0
2014-07-07 16:00:00,0
2014-07-08 16:00:00,0
2014-07-09 16:00:00,0
2014-07-10 16:00:00,0
2014-07-11 16:00:00,0
2014-07-12 16:00:00,0
2014-07-13 16:00:00,0
2014-07-14 16:00:00,0
2014-07-15 16:00:00,0
2014-07-16 16:00:00,0
2014-07-17 16:00:00,0
2014-07-18 16:00:00,0
2014-07-19 16:00:00,0
2014-07-20 16:00:00,0
2014-07-21 16:00:00,0
2014-07-22 16:00:00,0
2014-07-23 16:00:00,0
2014-07-24 16:00:00,0
2014-07-25 16:00:00,0
2014-07-26 16:00:00,0
2014-07-27 16:00:00,0
2014-07-28 16:00:00,0
2014-07-29 16:00:00,0
2014-07-30 16:00:00,0
2014-07-31 16:00:00,0
2014-08-01 16:00:00,0
2014-08-02 16:00:00,0
2014-08-03 16:00:00,0
2014-08-04 16:00:00,0
2014-08-05 16:00:00,0
2014-08-06 16:00:00,0
2014-08-07 16:00:00,0
2014-08-08 16:00:00,0
2014-08-09 16:00:00,0
2014-08-10 16:00:00,0
2014-08-11 16:00:00,0
2014-08-12 16:00:00,0
2014-08-13 16:00:00,0
2014-08-14 16:00:00,0
2014-08-15 16:00:00,0
2014-08-16 16:00:00,0
2014-08-17 16:00:00,0
2014-08-18 16:00:00,0
2014-08-19 16:00:00,0
2014-08-20 16:00:00,0
2014-08-21 16:00:00,0
2014-08-22 16:00:00,0
2014-08-23 16:00:00,0
2014-08-24 16:00:00,0
2014-08-25 16:00:00,0
2014-08-26 16:00:00,0
2014-08-27 16:00:00,0
2014-08-28 16:00:00,0
2014-08-29 16:00:00,0
2014-08-30 16:00:00,0
2014-08-31 16:00:00,0
2014-09-01 16:00:00,0
2014-09-02 16:00:00,0
2014-09-03 16:00:00,0
2014-09-04 16:00:00,0
2014-09-05 16:00:00,0
2014-09-06 16:00:00,0
2014-09-07 16:00:00,0
2014-09-08 16:00:00,0
2014-09-09 16:00:00,0
2014-09-10 16:00:00,0
2014-09-11 16:00:00,0
2014-09-12 16:00:00,0
2014-09-13 16:00:00,0
2014-09-14 16:00:00,0
2014-09-15 16:00:00,0
2014-09-16 16:00:00,0
2014-09-17 16:00:00,0
2014-09-18 16:00:00,0
2014-09-19 16:00:00,0
2014-09-20 16:00:00,0
2014-09-21 16:00:00,0
2014-09-22 16:00:00,0
2014-09-23 16:00:00,0
2014-09-24 16:00:00,0
2014-09-25 16:00:00,0
2014-09-26 16:00:00,0
2014-09-27 16:00:00,0
2014-09-28 16:00:00,0
2014-09-29 16:00:00,0
2014-09-30 16:00:00,0
2014-10-01 16:00:00,0
2014-10-02 16:00:00,0
2014-10-03 16:00:00,0
2014-10-04 16:00:00,0
2014-10-05 16:00:00,0
2014-10-06 16:00:00,0
2014-10-07 16:00:00,0
2014-10-08 16:00:00,0
2014-10-09 16:00:00,0
2014-10-10 16:00:00,0
2014-10-11 16:00:00,0
2014-10-12 16:00:00,0
2014-10-13 16:00:00,0
2014-10-14 16:00:00,0
2014-10-15 16:00:00,9
2014-10-16 16:00:00,11
2014-10-17 16:00:00,10
2014-10-18 16:00:00,12
2014-10-19 16:00:00,7
2014-10-20 16:00:00,5
2014-10-21 16:00:00,6
2014-10-22 16:00:00,4
2014-10-23 16:00:00,33
2014-10-24 16:00:00,42
2014-10-25 16:00:00,41
2014-10-26 16:00:00,55
2014-10-27 16:00:00,65
2014-10-28 16:00:00,64
2014-10-29 16:00:00,66
2014-10-30 16:00:00,68
2014-10-31 16:00:00,69
2014-11-01 16:00:00,75
2014-11-02 16:00:00,78
2014-11-03 16:00:00,78
2014-11-04 16:00:00,91
2014-11-05 16:00:00,98
2014-11-06 16:00:00,101
2014-11-07 16:00:00,114
2014-11-08 16:00:00,114
2014-11-09 16:00:00,133
2014-11-10 16:00:00,145
2014-11-11 16:00:00,147
2014-11-12 16:00:00,151
2014-11-13 16:00:00,153
2014-11-14 16:00:00,153
2014-11-15 16:00:00,153
2014-11-16 16:00:00,153
2014-11-17 16:00:00,152
2014-11-18 16:00:00,151
2014-11-19 16:00:00,148
2014-11-20 16:00:00,148
2014-11-21 16:00:00,147
2014-11-22 16:00:00,157
2014-11-23 16:00:00,162
2014-11-24 16:00:00,168
2014-11-25 16:00:00,182
2014-11-26 16:00:00,182
2014-11-27 16:00:00,206
2014-11-28 16:00:00,245
2014-11-29 16:00:00,260
2014-11-30 16:00:00,260
2014-12-01 16:00:00,260
2014-12-02 16:00:00,260
2014-12-03 16:00:00,261
2014-12-04 16:00:00,261
2014-12-05 16:00:00,261
2014-12-06 16:00:00,259
2014-12-07 16:00:00,264
2014-12-08 16:00:00,265
2014-12-09 16:00:00,265
2014-12-10 16:00:00,271
2014-12-11 16:00:00,277
2014-12-12 16:00:00,284
2014-12-13 16:00:00,283
2014-12-14 16:00:00,283
2014-12-15 16:00:00,283
2014-12-16 16:00:00,283
2014-12-17 16:00:00,284
2014-12-18 16:00:00,284
2014-12-19 16:00:00,284
2014-12-20 16:00:00,284
2014-12-21 16:00:00,290
2014-12-22 16:00:00,294
2014-12-23 16:00:00,295
2014-12-24 16:00:00,313
2014-12-25 16:00:00,314
2014-12-26 16:00:00,315
2014-12-27 16:00:00,315
2014-12-28 16:00:00,316
2014-12-29 16:00:00,317
2014-12-30 16:00:00,317
2014-12-31 16:00:00,317
2015-01-01 16:00:00,317
2015-01-02 16:00:00,320
2015-01-03 16:00:00,322
2015-01-04 16:00:00,322
2015-01-05 16:00:00,332
2015-01-06 16:00:00,352
2015-01-07 16:00:00,362
2015-01-08 16:00:00,362
2015-01-09 16:00:00,362
2015-01-10 16:00:00,363
2015-01-11 16:00:00,364
2015-01-12 16:00:00,365
2015-01-13 16:00:00,365
2015-01-14 16:00:00,365
2015-01-15 16:00:00,365
2015-01-16 16:00:00,366
2015-01-17 16:00:00,369
2015-01-18 16:00:00,373
2015-01-19 16:00:00,379
2015-01-20 16:00:00,381
2015-01-21 16:00:00,381
2015-01-22 16:00:00,382
2015-01-23 16:00:00,382
2015-01-24 16:00:00,399
2015-01-25 16:00:00,401
2015-01-26 16:00:00,403
2015-01-27 16:00:00,403
2015-01-28 16:00:00,404
2015-01-29 16:00:00,404
2015-01-30 16:00:00,404
2015-01-31 16:00:00,408
2015-02-01 16:00:00,408
2015-02-02 16:00:00,415
2015-02-03 16:00:00,422
2015-02-04 16:00:00,426
2015-02-05 16:00:00,432
2015-02-06 16:00:00,471
2015-02-07 16:00:00,480.26086956521675
2015-02-08 16:00:00,489.52173913043345
2015-02-09 16:00:00,498.7826086956502
2015-02-10 16:00:00,508.04347826086695
2015-02-11 16:00:00,517.3043478260836
2015-02-12 16:00:00,526.5652173913004
2015-02-13 16:00:00,535.8260869565171
2015-02-14 16:00:00,538.5507246376781
2015-02-15 16:00:00,541.275362318839
2015-02-16 16:00:00,544
2015-02-17 16:00:00,545
2015-02-18 16:00:00,546
2015-02-19 16:00:00,546
2015-02-20 16:00:00,547
2015-02-21 16:00:00,549
2015-02-22 16:00:00,549
2015-02-23 16:00:00,549
2015-02-24 16:00:00,550
2015-02-25 16:00:00,552
2015-02-26 16:00:00,553
2015-02-27 16:00:00,553
2015-02-28 16:00:00,553
2015-03-01 16:00:00,553
2015-03-02 16:00:00,553
2015-03-03 16:00:00,554
2015-03-04 16:00:00,553
2015-03-05 16:00:00,554
2015-03-06 16:00:00,553
2015-03-07 16:00:00,553
2015-03-08 16:00:00,555
2015-03-09 16:00:00,556
2015-03-10 16:00:00,554
2015-03-11 16:00:00,554
2015-03-12 16:00:00,554
2015-03-13 16:00:00,553
2015-03-14 16:00:00,564
2015-03-15 16:00:00,574
2015-03-16 16:00:00,575
2015-03-17 16:00:00,577
2015-03-18 16:00:00,583
2015-03-19 16:00:00,582
2015-03-20 16:00:00,591
2015-03-21 16:00:00,597
2015-03-22 16:00:00,604
2015-03-23 16:00:00,606
2015-03-24 16:00:00,608
2015-03-25 16:00:00,608
2015-03-26 16:00:00,610
2015-03-27 16:00:00,616
2015-03-28 16:00:00,625
2015-03-29 16:00:00,635
2015-03-30 16:00:00,641
2015-03-31 16:00:00,647
2015-04-01 16:00:00,648
2015-04-02 16:00:00,648
2015-04-03 16:00:00,649
2015-04-04 16:00:00,653
2015-04-05 16:00:00,674
2015-04-06 16:00:00,676
2015-04-07 16:00:00,678
2015-04-08 16:00:00,679
2015-04-09 16:00:00,679
2015-04-10 16:00:00,682
2015-04-11 16:00:00,686
2015-04-12 16:00:00,693
2015-04-13 16:00:00,703
2015-04-14 16:00:00,710
2015-04-15 16:00:00,712
2015-04-16 16:00:00,714
2015-04-17 16:00:00,717
2015-04-18 16:00:00,723
2015-04-19 16:00:00,723
2015-04-20 16:00:00,724
2015-04-21 16:00:00,723
2015-04-22 16:00:00,720
2015-04-23 16:00:00,712
2015-04-24 16:00:00,714
2015-04-25 16:00:00,715
2015-04-26 16:00:00,713
2015-04-27 16:00:00,708
2015-04-28 16:00:00,706
2015-04-29 16:00:00,698
2015-04-30 16:00:00,690
2015-05-01 16:00:00,690
2015-05-02 16:00:00,694
2015-05-03 16:00:00,693
2015-05-04 16:00:00,691
2015-05-05 16:00:00,690
2015-05-06 16:00:00,680
2015-05-07 16:00:00,678
2015-05-08 16:00:00,666
2015-05-09 16:00:00,650
2015-05-10 16:00:00,638
2015-05-11 16:00:00,624
2015-05-12 16:00:00,606
2015-05-13 16:00:00,590
2015-05-14 16:00:00,589
2015-05-15 16:00:00,588
2015-05-16 16:00:00,566
2015-05-17 16:00:00,555
2015-05-18 16:00:00,538
2015-05-19 16:00:00,514
2015-05-20 16:00:00,489
2015-05-21 16:00:00,462
2015-05-22 16:00:00,434
2015-05-23 16:00:00,403
2015-05-24 16:00:00,374
2015-05-25 16:00:00,352
2015-05-26 16:00:00,334
2015-05-27 16:00:00,318
2015-05-28 16:00:00,285
2015-05-29 16:00:00,269
2015-05-30 16:00:00,253
2015-05-31 16:00:00,240
2015-06-01 16:00:00,197
2015-06-02 16:00:00,178
2015-06-03 16:00:00,168
2015-06-04 16:00:00,151
2015-06-05 16:00:00,123
2015-06-06 16:00:00,92
2015-06-07 16:00:00,52
2015-06-08 16:00:00,26
2015-06-09 16:00:00,12
2015-06-10 16:00:00,0
2015-06-11 16:00:00,0
2015-06-12 16:00:00,0
2015-06-13 16:00:00,0
2015-06-14 16:00:00,0
2015-06-15 16:00:00,0
2015-06-16 16:00:00,0
2015-06-17 16:00:00,0
2015-06-18 16:00:00,0
2015-06-19 16:00:00,0
2015-06-20 16:00:00,0
2015-06-21 16:00:00,0
2015-06-22 16:00:00,0
2015-06-23 16:00:00,0
2015-06-24 16:00:00,0
2015-06-25 16:00:00,0
2015-06-26 16:00:00,0
2015-06-27 16:00:00,0
2015-06-28 16:00:00,0
2015-06-29 16:00:00,0
2015-06-30 16:00:00,0
2015-07-01 16:00:00,0
2015-07-02 16:00:00,0
2015-07-03 16:00:00,0
2015-07-04 16:00:00,0
2015-07-05 16:00:00,0
2015-07-06 16:00:00,0
2015-07-07 16:00:00,0
2015-07-08 16:00:00,0
2015-07-09 16:00:00,0
2015-07-10 16:00:00,0
2015-07-11 16:00:00,0
2015-07-12 16:00:00,0
2015-07-13 16:00:00,0
2015-07-14 16:00:00,0
2015-07-15 16:00:00,0
2015-07-16 16:00:00,0
2015-07-17 16:00:00,0
2015-07-18 16:00:00,0
2015-07-19 16:00:00,0
2015-07-20 16:00:00,0
2015-07-21 16:00:00,0
2015-07-22 16:00:00,0
2015-07-23 16:00:00,0
2015-07-24 16:00:00,0
2015-07-25 16:00:00,0
2015-07-26 16:00:00,0
2015-07-27 16:00:00,0
2015-07-28 16:00:00,0
2015-07-29 16:00:00,0
2015-07-30 16:00:00,0
2015-07-31 16:00:00,0
2015-08-01 16:00:00,0
2015-08-02 16:00:00,0
2015-08-03 16:00:00,0
2015-08-04 16:00:00,0
2015-08-05 16:00:00,0
2015-08-06 16:00:00,0
2015-08-07 16:00:00,0
2015-08-08 16:00:00,0
2015-08-09 16:00:00,0
2015-08-10 16:00:00,0
2015-08-11 16:00:00,0
2015-08-12 16:00:00,0
2015-08-13 16:00:00,0
2015-08-14 16:00:00,0
2015-08-15 16:00:00,0
2015-08-16 16:00:00,0
2015-08-17 16:00:00,0
2015-08-18 16:00:00,0
2015-08-19 16:00:00,0
2015-08-20 16:00:00,0
2015-08-21 16:00:00,0
2015-08-22 16:00:00,0
2015-08-23 16:00:00,0
2015-08-24 16:00:00,0
2015-08-25 16:00:00,0
2015-08-26 16:00:00,0
2015-08-27 16:00:00,0
2015-08-28 16:00:00,0
2015-08-29 16:00:00,0
2015-08-30 16:00:00,0
2015-08-31 16:00:00,0
2015-09-01 16:00:00,0
2015-09-02 16:00:00,0
2015-09-03 16:00:00,0
2015-09-04 16:00:00,0
2015-09-05 16:00:00,0
2015-09-06 16:00:00,13
2015-09-07 16:00:00,16
2015-09-08 16:00:00,16
2015-09-09 16:00:00,6
2015-09-10 16:00:00,5
2015-09-11 16:00:00,3
2015-09-12 16:00:00,3
2015-09-13 16:00:00,5
2015-09-14 16:00:00,3
2015-09-15 16:00:00,37
2015-09-16 16:00:00,39
2015-09-17 16:00:00,39
2015-09-18 16:00:00,38
2015-09-19 16:00:00,32
2015-09-20 16:00:00,20
2015-09-21 16:00:00,0
2015-09-22 16:00:00,0
2015-09-23 16:00:00,0
2015-09-24 16:00:00,0
2015-09-25 16:00:00,0
2015-09-26 16:00:00,0
2015-09-27 16:00:00,0
2015-09-28 16:00:00,0
2015-09-29 16:00:00,0
2015-09-30 16:00:00,0
2015-10-01 16:00:00,0
2015-10-02 16:00:00,0
2015-10-03 16:00:00,0
2015-10-04 16:00:00,0
2015-10-05 16:00:00,0
2015-10-06 16:00:00,0
2015-10-07 16:00:00,0
2015-10-08 16:00:00,0
2015-10-09 16:00:00,0
2015-10-10 16:00:00,0
2015-10-11 16:00:00,0
2015-10-12 16:00:00,0
2015-10-13 16:00:00,0
2015-10-14 16:00:00,0
2015-10-15 16:00:00,0
2015-10-16 16:00:00,0
2015-10-17 16:00:00,0
2015-10-18 16:00:00,0
2015-10-19 16:00:00,0
2015-10-20 16:00:00,0
2015-10-21 16:00:00,0
2015-10-22 16:00:00,0
2015-10-23 16:00:00,0
2015-10-24 16:00:00,0
2015-10-25 16:00:00,0
2015-10-26 16:00:00,0
2015-10-27 16:00:00,7
2015-10-28 16:00:00,8
2015-10-29 16:00:00,13
2015-10-30 16:00:00,17
2015-10-31 16:00:00,27
2015-11-01 16:00:00,44
2015-11-02 16:00:00,53
2015-11-03 16:00:00,53
2015-11-04 16:00:00,52
2015-11-05 16:00:00,55
2015-11-06 16:00:00,56
2015-11-07 16:00:00,61
2015-11-08 16:00:00,83
2015-11-09 16:00:00,90
2015-11-10 16:00:00,89
2015-11-11 16:00:00,89
2015-11-12 16:00:00,92
2015-11-13 16:00:00,116
2015-11-14 16:00:00,145
2015-11-15 16:00:00,172
2015-11-16 16:00:00,176
2015-11-17 16:00:00,176
2015-11-18 16:00:00,216
2015-11-19 16:00:00,216
2015-11-20 16:00:00,216
2015-11-21 16:00:00,216
2015-11-22 16:00:00,216
2015-11-23 16:00:00,216
2015-11-24 16:00:00,216
2015-11-25 16:00:00,216
2015-11-26 16:00:00,222
2015-11-27 16:00:00,222
2015-11-28 16:00:00,222
2015-11-29 16:00:00,223
2015-11-30 16:00:00,223
2015-12-01 16:00:00,223
2015-12-02 16:00:00,224
2015-12-03 16:00:00,224
2015-12-04 16:00:00,253
2015-12-05 16:00:00,254
2015-12-06 16:00:00,255
2015-12-07 16:00:00,266
2015-12-08 16:00:00,269
2015-12-09 16:00:00,291
2015-12-10 16:00:00,299
2015-12-11 16:00:00,302
2015-12-12 16:00:00,302
2015-12-13 16:00:00,308
2015-12-14 16:00:00,309
2015-12-15 16:00:00,309
2015-12-16 16:00:00,313
2015-12-17 16:00:00,313
2015-12-18 16:00:00,314
2015-12-19 16:00:00,318
2015-12-20 16:00:00,319
2015-12-21 16:00:00,324
2015-12-22 16:00:00,325
2015-12-23 16:00:00,324
2015-12-24 16:00:00,324
2015-12-25 16:00:00,326
2015-12-26 16:00:00,326
2015-12-27 16:00:00,327
2015-12-28 16:00:00,328
2015-12-29 16:00:00,331
2015-12-30 16:00:00,331
2015-12-31 16:00:00,331
2016-01-01 16:00:00,331
2016-01-02 16:00:00,332
2016-01-03 16:00:00,335
2016-01-04 16:00:00,336
2016-01-05 16:00:00,343
2016-01-06 16:00:00,344
2016-01-07 16:00:00,349
2016-01-08 16:00:00,351
2016-01-09 16:00:00,351
2016-01-10 16:00:00,351
2016-01-11 16:00:00,350
2016-01-12 16:00:00,354
2016-01-13 16:00:00,359
2016-01-14 16:00:00,361
2016-01-15 16:00:00,363
2016-01-16 16:00:00,364
2016-01-17 16:00:00,368
2016-01-18 16:00:00,372
2016-01-19 16:00:00,373
2016-01-20 16:00:00,374
2016-01-21 16:00:00,375
2016-01-22 16:00:00,382
2016-01-23 16:00:00,388
2016-01-24 16:00:00,394
2016-01-25 16:00:00,394
2016-01-26 16:00:00,393
2016-01-27 16:00:00,400
2016-01-28 16:00:00,414
2016-01-29 16:00:00,430
2016-01-30 16:00:00,433
2016-01-31 16:00:00,434
2016-02-01 16:00:00,434
2016-02-02 16:00:00,434
2016-02-03 16:00:00,434
2016-02-04 16:00:00,434
2016-02-05 16:00:00,437
2016-02-06 16:00:00,450
2016-02-07 16:00:00,454
2016-02-08 16:00:00,455
2016-02-09 16:00:00,456
2016-02-10 16:00:00,458
2016-02-11 16:00:00,459
2016-02-12 16:00:00,460
2016-02-13 16:00:00,464
2016-02-14 16:00:00,464
2016-02-15 16:00:00,492
2016-02-16 16:00:00,496
2016-02-17 16:00:00,498
2016-02-18 16:00:00,505
2016-02-19 16:00:00,510
2016-02-20 16:00:00,513
2016-02-21 16:00:00,514
2016-02-22 16:00:00,516
2016-02-23 16:00:00,516
2016-02-24 16:00:00,517
2016-02-25 16:00:00,516
2016-02-26 16:00:00,516
2016-02-27 16:00:00,518
2016-02-28 16:00:00,519
2016-02-29 16:00:00,523
2016-03-01 16:00:00,529
2016-03-02 16:00:00,534
2016-03-03 16:00:00,539
2016-03-04 16:00:00,542
2016-03-05 16:00:00,547
2016-03-06 16:00:00,554
2016-03-07 16:00:00,558
2016-03-08 16:00:00,561
2016-03-09 16:00:00,567
2016-03-10 16:00:00,579
2016-03-11 16:00:00,584
2016-03-12 16:00:00,589
2016-03-13 16:00:00,597
2016-03-14 16:00:00,600
2016-03-15 16:00:00,604
2016-03-16 16:00:00,613
2016-03-17 16:00:00,615
2016-03-18 16:00:00,615
2016-03-19 16:00:00,615
2016-03-20 16:00:00,616
2016-03-21 16:00:00,623
2016-03-22 16:00:00,627
2016-03-23 16:00:00,628
2016-03-24 16:00:00,636
2016-03-25 16:00:00,642
2016-03-26 16:00:00,644
2016-03-27 16:00:00,645
2016-03-28 16:00:00,645
2016-03-29 16:00:00,647
2016-03-30 16:00:00,647
2016-03-31 16:00:00,648
2016-04-01 16:00:00,649
2016-04-02 16:00:00,652
2016-04-03 16:00:00,653
2016-04-04 16:00:00,654
2016-04-05 16:00:00,662
2016-04-06 16:00:00,669
2016-04-07 16:00:00,675
2016-04-08 16:00:00,680
2016-04-09 16:00:00,676
2016-04-10 16:00:00,670
2016-04-11 16:00:00,665
2016-04-12 16:00:00,664
2016-04-13 16:00:00,665
2016-04-14 16:00:00,669
2016-04-15 16:00:00,668
2016-04-16 16:00:00,665
2016-04-17 16:00:00,660
2016-04-18 16:00:00,649
2016-04-19 16:00:00,638
2016-04-20 16:00:00,625
2016-04-21 16:00:00,615
2016-04-22 16:00:00,606
2016-04-23 16:00:00,591
2016-04-24 16:00:00,584
2016-04-25 16:00:00,579
2016-04-26 16:00:00,568.6666666666666
2016-04-27 16:00:00,558.3333333333334
2016-04-28 16:00:00,548
2016-04-29 16:00:00,543
2016-04-30 16:00:00,540
2016-05-01 16:00:00,534
2016-05-02 16:00:00,518
2016-05-03 16:00:00,497
2016-05-04 16:00:00,478
2016-05-05 16:00:00,462
2016-05-06 16:00:00,449
2016-05-07 16:00:00,431
2016-05-08 16:00:00,407
2016-05-09 16:00:00,394
2016-05-10 16:00:00,392
2016-05-11 16:00:00,380
2016-05-12 16:00:00,392
2016-05-13 16:00:00,393
2016-05-14 16:00:00,390
2016-05-15 16:00:00,375
2016-05-16 16:00:00,357
2016-05-17 16:00:00,336
2016-05-18 16:00:00,320
2016-05-19 16:00:00,300
2016-05-20 16:00:00,290
2016-05-21 16:00:00,278
2016-05-22 16:00:00,270
2016-05-23 16:00:00,270
2016-05-24 16:00:00,260
2016-05-25 16:00:00,229
2016-05-26 16:00:00,204
2016-05-27 16:00:00,209
2016-05-28 16:00:00,214
2016-05-29 16:00:00,215
2016-05-30 16:00:00,218
2016-05-31 16:00:00,207
2016-06-01 16:00:00,192
2016-06-02 16:00:00,181
2016-06-03 16:00:00,160
2016-06-04 16:00:00,127
2016-06-05 16:00:00,82
2016-06-06 16:00:00,45
2016-06-07 16:00:00,22
2016-06-08 16:00:00,0
2016-06-09 16:00:00,0
2016-06-10 16:00:00,0
2016-06-11 16:00:00,0
2016-06-12 16:00:00,0
2016-06-13 16:00:00,0
2016-06-14 16:00:00,0
2016-06-15 16:00:00,0
2016-06-16 16:00:00,0
2016-06-17 16:00:00,0
2016-06-18 16:00:00,0
2016-06-19 16:00:00,0
2016-06-20 16:00:00,0
2016-06-21 16:00:00,0
2016-06-22 16:00:00,0
2016-06-23 16:00:00,0
2016-06-24 16:00:00,0
2016-06-25 16:00:00,0
2016-06-26 16:00:00,0
2016-06-27 16:00:00,0
2016-06-28 16:00:00,0
2016-06-29 16:00:00,0
2016-06-30 16:00:00,0
2016-07-01 16:00:00,0
2016-07-02 16:00:00,0
2016-07-03 16:00:00,0
2016-07-04 16:00:00,0
2016-07-05 16:00:00,0
2016-07-06 16:00:00,0
2016-07-07 16:00:00,0
2016-07-08 16:00:00,0
2016-07-09 16:00:00,0
2016-07-10 16:00:00,0
2016-07-11 16:00:00,0
2016-07-12 16:00:00,0
2016-07-13 16:00:00,0
2016-07-14 16:00:00,0
2016-07-15 16:00:00,0
2016-07-16 16:00:00,0
2016-07-17 16:00:00,0
2016-07-18 16:00:00,0
2016-07-19 16:00:00,0
2016-07-20 16:00:00,0
2016-07-21 16:00:00,0
2016-07-22 16:00:00,0
2016-07-23 16:00:00,0
2016-07-24 16:00:00,0
2016-07-25 16:00:00,0
2016-07-26 16:00:00,0
2016-07-27 16:00:00,0
2016-07-28 16:00:00,0
2016-07-29 16:00:00,0
2016-07-30 16:00:00,0
2016-07-31 16:00:00,0
2016-08-01 16:00:00,0
2016-08-02 16:00:00,0
2016-08-03 16:00:00,0
2016-08-04 16:00:00,0
2016-08-05 16:00:00,0
2016-08-06 16:00:00,0
2016-08-07 16:00:00,0
2016-08-08 16:00:00,0
2016-08-09 16:00:00,0
2016-08-10 16:00:00,0
2016-08-11 16:00:00,0
2016-08-12 16:00:00,0
2016-08-13 16:00:00,0
2016-08-14 16:00:00,0
2016-08-15 16:00:00,0
2016-08-16 16:00:00,0
2016-08-17 16:00:00,0
2016-08-18 16:00:00,0
2016-08-19 16:00:00,0
2016-08-20 16:00:00,0
2016-08-21 16:00:00,0
2016-08-22 16:00:00,0
2016-08-23 16:00:00,0
2016-08-24 16:00:00,0
2016-08-25 16:00:00,0
2016-08-26 16:00:00,0
2016-08-27 16:00:00,0
2016-08-28 16:00:00,0
2016-08-29 16:00:00,0
2016-08-30 16:00:00,0
2016-08-31 16:00:00,0
2016-09-01 16:00:00,0
2016-09-02 16:00:00,0
2016-09-03 16:00:00,0
2016-09-04 16:00:00,0
2016-09-05 16:00:00,0
2016-09-06 16:00:00,0
2016-09-07 16:00:00,0
2016-09-08 16:00:00,0
2016-09-09 16:00:00,0
2016-09-10 16:00:00,0
2016-09-11 16:00:00,0
2016-09-12 16:00:00,0
2016-09-13 16:00:00,0
2016-09-14 16:00:00,0
2016-09-15 16:00:00,0
2016-09-16 16:00:00,0
2016-09-17 16:00:00,0
2016-09-18 16:00:00,0
2016-09-19 16:00:00,0
2016-09-20 16:00:00,0
2016-09-21 16:00:00,9
2016-09-22 16:00:00,7
2016-09-23 16:00:00,0
2016-09-24 16:00:00,0
2016-09-25 16:00:00,0
2016-09-26 16:00:00,0
2016-09-27 16:00:00,0
2016-09-28 16:00:00,0
2016-09-29 16:00:00,0
2016-09-30 16:00:00,0
2016-10-01 16:00:00,0
2016-10-02 16:00:00,0
2016-10-03 16:00:00,0
2016-10-04 16:00:00,0
2016-10-05 16:00:00,0
2016-10-06 16:00:00,0
2016-10-07 16:00:00,7
2016-10-08 16:00:00,11
2016-10-09 16:00:00,41
2016-10-10 16:00:00,38
2016-10-11 16:00:00,37
2016-10-12 16:00:00,36
2016-10-13 16:00:00,36
2016-10-14 16:00:00,62
2016-10-15 16:00:00,83
2016-10-16 16:00:00,91
2016-10-17 16:00:00,93
2016-10-18 16:00:00,96
2016-10-19 16:00:00,98
2016-10-20 16:00:00,102
2016-10-21 16:00:00,111
2016-10-22 16:00:00,111
2016-10-23 16:00:00,110
2016-10-24 16:00:00,110
2016-10-25 16:00:00,114
2016-10-26 16:00:00,114
2016-10-27 16:00:00,140
2016-10-28 16:00:00,147
2016-10-29 16:00:00,147
2016-10-30 16:00:00,147
2016-10-31 16:00:00,147
2016-11-01 16:00:00,161
2016-11-02 16:00:00,169
2016-11-03 16:00:00,171
2016-11-04 16:00:00,171
2016-11-05 16:00:00,172
2016-11-06 16:00:00,177
2016-11-07 16:00:00,182
2016-11-08 16:00:00,182
2016-11-09 16:00:00,182
2016-11-10 16:00:00,182
2016-11-11 16:00:00,181
2016-11-12 16:00:00,182
2016-11-13 16:00:00,190
2016-11-14 16:00:00,207
2016-11-15 16:00:00,214
2016-11-16 16:00:00,227
2016-11-17 16:00:00,227
2016-11-18 16:00:00,229
2016-11-19 16:00:00,230
2016-11-20 16:00:00,231
2016-11-21 16:00:00,237
2016-11-22 16:00:00,237
2016-11-23 16:00:00,237
2016-11-24 16:00:00,241
2016-11-25 16:00:00,263
2016-11-26 16:00:00,278
2016-11-27 16:00:00,284
2016-11-28 16:00:00,286
2016-11-29 16:00:00,286
2016-11-30 16:00:00,286
2016-12-01 16:00:00,287
2016-12-02 16:00:00,287
2016-12-03 16:00:00,291
2016-12-04 16:00:00,302
2016-12-05 16:00:00,312
2016-12-06 16:00:00,312
2016-12-07 16:00:00,312
2016-12-08 16:00:00,313
2016-12-09 16:00:00,313
2016-12-10 16:00:00,313
2016-12-11 16:00:00,318
2016-12-12 16:00:00,319
2016-12-13 16:00:00,319
2016-12-14 16:00:00,319
2016-12-15 16:00:00,319
2016-12-16 16:00:00,320
2016-12-17 16:00:00,320
2016-12-18 16:00:00,320
2016-12-19 16:00:00,324
2016-12-20 16:00:00,338
2016-12-21 16:00:00,347
2016-12-22 16:00:00,353
2016-12-23 16:00:00,358
2016-12-24 16:00:00,367
2016-12-25 16:00:00,369
2016-12-26 16:00:00,369
2016-12-27 16:00:00,371
2016-12-28 16:00:00,378
2016-12-29 16:00:00,383
2016-12-30 16:00:00,393
2016-12-31 16:00:00,395
2017-01-01 16:00:00,396
2017-01-02 16:00:00,397
2017-01-03 16:00:00,397
2017-01-04 16:00:00,397
2017-01-05 16:00:00,397
2017-01-06 16:00:00,397
2017-01-07 16:00:00,397
2017-01-08 16:00:00,397
2017-01-09 16:00:00,404
2017-01-10 16:00:00,407
2017-01-11 16:00:00,407
2017-01-12 16:00:00,407
2017-01-13 16:00:00,407
2017-01-14 16:00:00,408
2017-01-15 16:00:00,410
2017-01-16 16:00:00,413
2017-01-17 16:00:00,419
2017-01-18 16:00:00,434
2017-01-19 16:00:00,447
2017-01-20 16:00:00,448
2017-01-21 16:00:00,449
2017-01-22 16:00:00,448
2017-01-23 16:00:00,450
2017-01-24 16:00:00,450
2017-01-25 16:00:00,450
2017-01-26 16:00:00,450
2017-01-27 16:00:00,449
2017-01-28 16:00:00,449
2017-01-29 16:00:00,451
2017-01-30 16:00:00,456
2017-01-31 16:00:00,456
2017-02-01 16:00:00,457
2017-02-02 16:00:00,457
2017-02-03 16:00:00,456
2017-02-04 16:00:00,463
2017-02-05 16:00:00,476
2017-02-06 16:00:00,488
2017-02-07 16:00:00,490
2017-02-08 16:00:00,491
2017-02-09 16:00:00,505
2017-02-10 16:00:00,518
2017-02-11 16:00:00,526
2017-02-12 16:00:00,531
2017-02-13 16:00:00,532
2017-02-14 16:00:00,532
2017-02-15 16:00:00,536
2017-02-16 16:00:00,557
2017-02-17 16:00:00,572
2017-02-18 16:00:00,575
2017-02-19 16:00:00,579
2017-02-20 16:00:00,587
2017-02-21 16:00:00,588
2017-02-22 16:00:00,588
2017-02-23 16:00:00,588
2017-02-24 16:00:00,592
2017-02-25 16:00:00,595
2017-02-26 16:00:00,597
2017-02-27 16:00:00,601
2017-02-28 16:00:00,601
2017-03-01 16:00:00,601
2017-03-02 16:00:00,604
2017-03-03 16:00:00,610
2017-03-04 16:00:00,640
2017-03-05 16:00:00,648
2017-03-06 16:00:00,653
2017-03-07 16:00:00,654
2017-03-08 16:00:00,662
2017-03-09 16:00:00,662
2017-03-10 16:00:00,673
2017-03-11 16:00:00,681
2017-03-12 16:00:00,687
2017-03-13 16:00:00,693
2017-03-14 16:00:00,698
2017-03-15 16:00:00,713
2017-03-16 16:00:00,751
2017-03-17 16:00:00,757
2017-03-18 16:00:00,780
2017-03-19 16:00:00,800
2017-03-20 16:00:00,803
2017-03-21 16:00:00,808
2017-03-22 16:00:00,813
2017-03-23 16:00:00,814
2017-03-24 16:00:00,813
2017-03-25 16:00:00,820
2017-03-26 16:00:00,821
2017-03-27 16:00:00,823
2017-03-28 16:00:00,827
2017-03-29 16:00:00,832
2017-03-30 16:00:00,841
2017-03-31 16:00:00,842
2017-04-01 16:00:00,851
2017-04-02 16:00:00,864
2017-04-03 16:00:00,865
2017-04-04 16:00:00,866
2017-04-05 16:00:00,866
2017-04-06 16:00:00,868
2017-04-07 16:00:00,880
2017-04-08 16:00:00,890
2017-04-09 16:00:00,891
2017-04-10 16:00:00,896
2017-04-11 16:00:00,898
2017-04-12 16:00:00,901
2017-04-13 16:00:00,920
2017-04-14 16:00:00,924
2017-04-15 16:00:00,927
2017-04-16 16:00:00,934
2017-04-17 16:00:00,941
2017-04-18 16:00:00,944
2017-04-19 16:00:00,949
2017-04-20 16:00:00,951
2017-04-21 16:00:00,952
2017-04-22 16:00:00,952
2017-04-23 16:00:00,952
2017-04-24 16:00:00,952
2017-04-25 16:00:00,952
2017-04-26 16:00:00,954
2017-04-27 16:00:00,955
2017-04-28 16:00:00,958
2017-04-29 16:00:00,982
2017-04-30 16:00:00,993
2017-05-01 16:00:00,993
2017-05-02 16:00:00,993
2017-05-03 16:00:00,993
2017-05-04 16:00:00,987
2017-05-05 16:00:00,980
2017-05-06 16:00:00,969
2017-05-07 16:00:00,973
2017-05-08 16:00:00,965
2017-05-09 16:00:00,962
2017-05-10 16:00:00,955
2017-05-11 16:00:00,947
2017-05-12 16:00:00,946
2017-05-13 16:00:00,953
2017-05-14 16:00:00,959
2017-05-15 16:00:00,960
2017-05-16 16:00:00,962
2017-05-17 16:00:00,957
2017-05-18 16:00:00,952
2017-05-19 16:00:00,947
2017-05-20 16:00:00,936
2017-05-21 16:00:00,922
2017-05-22 16:00:00,906
2017-05-23 16:00:00,882
2017-05-24 16:00:00,854
2017-05-25 16:00:00,855
2017-05-26 16:00:00,847
2017-05-27 16:00:00,822
2017-05-28 16:00:00,790
2017-05-29 16:00:00,754
2017-05-30 16:00:00,724
2017-05-31 16:00:00,690
2017-06-01 16:00:00,664
2017-06-02 16:00:00,641
2017-06-03 16:00:00,622
2017-06-04 16:00:00,599
2017-06-05 16:00:00,577
2017-06-06 16:00:00,550
2017-06-07 16:00:00,522
2017-06-08 16:00:00,493
2017-06-09 16:00:00,468
2017-06-10 16:00:00,447
2017-06-11 16:00:00,450
2017-06-12 16:00:00,442
2017-06-13 16:00:00,404
2017-06-14 16:00:00,383
2017-06-15 16:00:00,365
2017-06-16 16:00:00,348
2017-06-17 16:00:00,313
2017-06-18 16:00:00,293
2017-06-19 16:00:00,280
2017-06-20 16:00:00,257
2017-06-21 16:00:00,219
2017-06-22 16:00:00,206
2017-06-23 16:00:00,186
2017-06-24 16:00:00,155
2017-06-25 16:00:00,118
2017-06-26 16:00:00,68
2017-06-27 16:00:00,27
2017-06-28 16:00:00,11
2017-06-29 16:00:00,8
2017-06-30 16:00:00,4
2017-07-01 16:00:00,0
2017-07-02 16:00:00,0
2017-07-03 16:00:00,0
2017-07-04 16:00:00,0
2017-07-05 16:00:00,0
2017-07-06 16:00:00,0
2017-07-07 16:00:00,0
2017-07-08 16:00:00,0
2017-07-09 16:00:00,0
2017-07-10 16:00:00,0
2017-07-11 16:00:00,0
2017-07-12 16:00:00,0
2017-07-13 16:00:00,0
2017-07-14 16:00:00,0
2017-07-15 16:00:00,0
2017-07-16 16:00:00,0
2017-07-17 16:00:00,0
2017-07-18 16:00:00,0
2017-07-19 16:00:00,0
2017-07-20 16:00:00,0
2017-07-21 16:00:00,0
2017-07-22 16:00:00,0
2017-07-23 16:00:00,0
2017-07-24 16:00:00,0
2017-07-25 16:00:00,0
2017-07-26 16:00:00,0
2017-07-27 16:00:00,0
2017-07-28 16:00:00,0
2017-07-29 16:00:00,0
2017-07-30 16:00:00,0
2017-07-31 16:00:00,0
2017-08-01 16:00:00,0
2017-08-02 16:00:00,0
2017-08-03 16:00:00,0
2017-08-04 16:00:00,0
2017-08-05 16:00:00,0
2017-08-06 16:00:00,0
2017-08-07 16:00:00,0
2017-08-08 16:00:00,0
2017-08-09 16:00:00,0
2017-08-10 16:00:00,0
2017-08-11 16:00:00,0
2017-08-12 16:00:00,0
2017-08-13 16:00:00,0
2017-08-14 16:00:00,0
2017-08-15 16:00:00,0
2017-08-16 16:00:00,0
2017-08-17 16:00:00,0
2017-08-18 16:00:00,0
2017-08-19 16:00:00,0
2017-08-20 16:00:00,0
2017-08-21 16:00:00,0
2017-08-22 16:00:00,0
2017-08-23 16:00:00,0
2017-08-24 16:00:00,0
2017-08-25 16:00:00,0
2017-08-26 16:00:00,0
2017-08-27 16:00:00,0
2017-08-28 16:00:00,0
2017-08-29 16:00:00,0
2017-08-30 16:00:00,0
2017-08-31 16:00:00,0
2017-09-01 16:00:00,0
2017-09-02 16:00:00,0
2017-09-03 16:00:00,0
2017-09-04 16:00:00,0
2017-09-05 16:00:00,0
2017-09-06 16:00:00,0
2017-09-07 16:00:00,0
2017-09-08 16:00:00,0
2017-09-09 16:00:00,0
2017-09-10 16:00:00,0
2017-09-11 16:00:00,0
2017-09-12 16:00:00,0
2017-09-13 16:00:00,0
2017-09-14 16:00:00,0
2017-09-15 16:00:00,0
2017-09-16 16:00:00,0
2017-09-17 16:00:00,0
2017-09-18 16:00:00,0
2017-09-19 16:00:00,0
2017-09-20 16:00:00,0
2017-09-21 16:00:00,20
2017-09-22 16:00:00,24
2017-09-23 16:00:00,23
2017-09-24 16:00:00,22
2017-09-25 16:00:00,21
2017-09-26 16:00:00,15
2017-09-27 16:00:00,4
2017-09-28 16:00:00,0
2017-09-29 16:00:00,0
2017-09-30 16:00:00,0
2017-10-01 16:00:00,0
2017-10-02 16:00:00,0
2017-10-03 16:00:00,0
2017-10-04 16:00:00,0
2017-10-05 16:00:00,0
2017-10-06 16:00:00,0
2017-10-07 16:00:00,0
2017-10-08 16:00:00,6
2017-10-09 16:00:00,8
2017-10-10 16:00:00,9
2017-10-11 16:00:00,9
2017-10-12 16:00:00,22
2017-10-13 16:00:00,22
2017-10-14 16:00:00,24
2017-10-15 16:00:00,26
2017-10-16 16:00:00,27
2017-10-17 16:00:00,30
2017-10-18 16:00:00,40
2017-10-19 16:00:00,78
2017-10-20 16:00:00,98
2017-10-21 16:00:00,105
2017-10-22 16:00:00,114
2017-10-23 16:00:00,135
2017-10-24 16:00:00,135
2017-10-25 16:00:00,137
2017-10-26 16:00:00,137
2017-10-27 16:00:00,138
2017-10-28 16:00:00,138
2017-10-29 16:00:00,138
2017-10-30 16:00:00,137
2017-10-31 16:00:00,137
2017-11-01 16:00:00,149
2017-11-02 16:00:00,160
2017-11-03 16:00:00,168
2017-11-04 16:00:00,170
2017-11-05 16:00:00,169
2017-11-06 16:00:00,170
2017-11-07 16:00:00,170.79999999999302
2017-11-08 16:00:00,172
2017-11-09 16:00:00,173
2017-11-10 16:00:00,174
2017-11-11 16:00:00,175
2017-11-12 16:00:00,175
2017-11-13 16:00:00,177
2017-11-14 16:00:00,188
2017-11-15 16:00:00,189
2017-11-16 16:00:00,206
2017-11-17 16:00:00,213
2017-11-18 16:00:00,217
2017-11-19 16:00:00,220
2017-11-20 16:00:00,240
2017-11-21 16:00:00,240
2017-11-22 16:00:00,252
2017-11-23 16:00:00,259
2017-11-24 16:00:00,262
2017-11-25 16:00:00,262
2017-11-26 16:00:00,263
2017-11-27 16:00:00,299
2017-11-28 16:00:00,300
2017-11-29 16:00:00,300
2017-11-30 16:00:00,300
2017-12-01 16:00:00,300
2017-12-02 16:00:00,316
2017-12-03 16:00:00,322
2017-12-04 16:00:00,322
2017-12-05 16:00:00,323
2017-12-06 16:00:00,323
2017-12-07 16:00:00,323
2017-12-08 16:00:00,323
2017-12-09 16:00:00,323
2017-12-10 16:00:00,322
2017-12-11 16:00:00,321
2017-12-12 16:00:00,322
2017-12-13 16:00:00,321
2017-12-14 16:00:00,321
2017-12-15 16:00:00,321
2017-12-16 16:00:00,322
2017-12-17 16:00:00,321
2017-12-18 16:00:00,323
2017-12-19 16:00:00,323
2017-12-20 16:00:00,324
2017-12-21 16:00:00,324
2017-12-22 16:00:00,324
2017-12-23 16:00:00,324
2017-12-24 16:00:00,324
2017-12-25 16:00:00,324
2017-12-26 16:00:00,324
2017-12-27 16:00:00,324
2017-12-28 16:00:00,324
2017-12-29 16:00:00,325
2017-12-30 16:00:00,325
2017-12-31 16:00:00,325
2018-01-01 16:00:00,325
2018-01-02 16:00:00,326
2018-01-03 16:00:00,388
2018-01-04 16:00:00,389
2018-01-05 16:00:00,390
2018-01-06 16:00:00,395
2018-01-07 16:00:00,397
2018-01-08 16:00:00,402
2018-01-09 16:00:00,411
2018-01-10 16:00:00,420
2018-01-11 16:00:00,425
2018-01-12 16:00:00,426
2018-01-13 16:00:00,428
2018-01-14 16:00:00,429
2018-01-15 16:00:00,429
2018-01-16 16:00:00,430
2018-01-17 16:00:00,430
2018-01-18 16:00:00,446
2018-01-19 16:00:00,454
2018-01-20 16:00:00,454
2018-01-21 16:00:00,455
2018-01-22 16:00:00,462
2018-01-23 16:00:00,468
2018-01-24 16:00:00,475
2018-01-25 16:00:00,494
2018-01-26 16:00:00,499
2018-01-27 16:00:00,499
2018-01-28 16:00:00,500
2018-01-29 16:00:00,513
2018-01-30 16:00:00,552
2018-01-31 16:00:00,560
2018-02-01 16:00:00,563
2018-02-02 16:00:00,570
2018-02-03 16:00:00,586
2018-02-04 16:00:00,600
2018-02-05 16:00:00,612
2018-02-06 16:00:00,613
2018-02-07 16:00:00,623
2018-02-08 16:00:00,653
2018-02-09 16:00:00,665
2018-02-10 16:00:00,664
2018-02-11 16:00:00,664
2018-02-12 16:00:00,664
2018-02-13 16:00:00,664
2018-02-14 16:00:00,671
2018-02-15 16:00:00,671
2018-02-16 16:00:00,679
2018-02-17 16:00:00,684
2018-02-18 16:00:00,688
2018-02-19 16:00:00,688
2018-02-20 16:00:00,688
2018-02-21 16:00:00,688
2018-02-22 16:00:00,688
2018-02-23 16:00:00,688
2018-02-24 16:00:00,688
2018-02-25 16:00:00,689
2018-02-26 16:00:00,689
2018-02-27 16:00:00,697
2018-02-28 16:00:00,697
2018-03-01 16:00:00,698
2018-03-02 16:00:00,704
2018-03-03 16:00:00,710
2018-03-04 16:00:00,724
2018-03-05 16:00:00,726
2018-03-06 16:00:00,727
2018-03-07 16:00:00,730
2018-03-08 16:00:00,733
2018-03-09 16:00:00,737
2018-03-10 16:00:00,731
2018-03-11 16:00:00,732
2018-03-12 16:00:00,733
2018-03-13 16:00:00,737
2018-03-14 16:00:00,740
2018-03-15 16:00:00,740
2018-03-16 16:00:00,749
2018-03-17 16:00:00,753
2018-03-18 16:00:00,753
2018-03-19 16:00:00,756
2018-03-20 16:00:00,761
2018-03-21 16:00:00,770
2018-03-22 16:00:00,772
2018-03-23 16:00:00,780
2018-03-24 16:00:00,787
2018-03-25 16:00:00,785
2018-03-26 16:00:00,786
2018-03-27 16:00:00,791
2018-03-28 16:00:00,798
2018-03-29 16:00:00,800
2018-03-30 16:00:00,811
2018-03-31 16:00:00,818
2018-04-01 16:00:00,829
2018-04-02 16:00:00,828
2018-04-03 16:00:00,828
2018-04-04 16:00:00,829
2018-04-05 16:00:00,829
2018-04-06 16:00:00,833
2018-04-07 16:00:00,841
2018-04-08 16:00:00,848
2018-04-09 16:00:00,849
2018-04-10 16:00:00,858
2018-04-11 16:00:00,862
2018-04-12 16:00:00,864
2018-04-13 16:00:00,863
2018-04-14 16:00:00,876
2018-04-15 16:00:00,899
2018-04-16 16:00:00,909
2018-04-17 16:00:00,932
2018-04-18 16:00:00,933
2018-04-19 16:00:00,938
2018-04-20 16:00:00,938
2018-04-21 16:00:00,946
2018-04-22 16:00:00,952
2018-04-23 16:00:00,952
2018-04-24 16:00:00,953
2018-04-25 16:00:00,954
2018-04-26 16:00:00,951
2018-04-27 16:00:00,950
2018-04-28 16:00:00,944
2018-04-29 16:00:00,938
2018-04-30 16:00:00,942
2018-05-01 16:00:00,951
2018-05-02 16:00:00,954
2018-05-03 16:00:00,954
2018-05-04 16:00:00,954
2018-05-05 16:00:00,953
2018-05-06 16:00:00,951
2018-05-07 16:00:00,944
2018-05-08 16:00:00,938
2018-05-09 16:00:00,920
2018-05-10 16:00:00,916
2018-05-11 16:00:00,896
2018-05-12 16:00:00,880
2018-05-13 16:00:00,862
2018-05-14 16:00:00,838
2018-05-15 16:00:00,811
2018-05-16 16:00:00,781
2018-05-17 16:00:00,757
2018-05-18 16:00:00,744
2018-05-19 16:00:00,730
2018-05-20 16:00:00,712
2018-05-21 16:00:00,690
2018-05-22 16:00:00,668
2018-05-23 16:00:00,645
2018-05-24 16:00:00,613
2018-05-25 16:00:00,587
2018-05-26 16:00:00,554
2018-05-27 16:00:00,519
2018-05-28 16:00:00,490
2018-05-29 16:00:00,452
2018-05-30 16:00:00,449
2018-05-31 16:00:00,446
2018-06-01 16:00:00,445
2018-06-02 16:00:00,436
2018-06-03 16:00:00,417
2018-06-04 16:00:00,397
2018-06-05 16:00:00,371
2018-06-06 16:00:00,362
2018-06-07 16:00:00,332
2018-06-08 16:00:00,298
2018-06-09 16:00:00,263
2018-06-10 16:00:00,254
2018-06-11 16:00:00,281
2018-06-12 16:00:00,286
2018-06-13 16:00:00,288
2018-06-14 16:00:00,283
2018-06-15 16:00:00,269
2018-06-16 16:00:00,253
2018-06-17 16:00:00,232
2018-06-18 16:00:00,186
2018-06-19 16:00:00,140
2018-06-20 16:00:00,89
2018-06-21 16:00:00,35
2018-06-22 16:00:00,19
2018-06-23 16:00:00,14
2018-06-24 16:00:00,8
2018-06-25 16:00:00,7
2018-06-26 16:00:00,2
2018-06-27 16:00:00,0
2018-06-28 16:00:00,0
2018-06-29 16:00:00,0
2018-06-30 16:00:00,0
2018-07-01 16:00:00,0
2018-07-02 16:00:00,0
2018-07-03 16:00:00,0
2018-07-04 16:00:00,0
2018-07-05 16:00:00,0
2018-07-06 16:00:00,0
2018-07-07 16:00:00,0
2018-07-08 16:00:00,0
2018-07-09 16:00:00,0
2018-07-10 16:00:00,0
2018-07-11 16:00:00,0
2018-07-12 16:00:00,0
2018-07-13 16:00:00,0
2018-07-14 16:00:00,0
2018-07-15 16:00:00,0
2018-07-16 16:00:00,0
2018-07-17 16:00:00,0
2018-07-18 16:00:00,0
2018-07-19 16:00:00,0
2018-07-20 16:00:00,0
2018-07-21 16:00:00,0
2018-07-22 16:00:00,0
2018-07-23 16:00:00,0
2018-07-24 16:00:00,0
2018-07-25 16:00:00,0
2018-07-26 16:00:00,0
2018-07-27 16:00:00,0
2018-07-28 16:00:00,0
2018-07-29 16:00:00,0
2018-07-30 16:00:00,0
2018-07-31 16:00:00,0
2018-08-01 16:00:00,0
2018-08-02 16:00:00,0
2018-08-03 16:00:00,0
2018-08-04 16:00:00,0
2018-08-05 16:00:00,0
2018-08-06 16:00:00,0
2018-08-07 16:00:00,0
2018-08-08 16:00:00,0
2018-08-09 16:00:00,0
2018-08-10 16:00:00,0
2018-08-11 16:00:00,0
2018-08-12 16:00:00,0
2018-08-13 16:00:00,0
2018-08-14 16:00:00,0
2018-08-15 16:00:00,0
2018-08-16 16:00:00,0
2018-08-17 16:00:00,0
2018-08-18 16:00:00,0
2018-08-19 16:00:00,0
2018-08-20 16:00:00,0
2018-08-21 16:00:00,0
2018-08-22 16:00:00,0
2018-08-23 16:00:00,0
2018-08-24 16:00:00,0
2018-08-25 16:00:00,0
2018-08-26 16:00:00,0
2018-08-27 16:00:00,0
2018-08-28 16:00:00,0
2018-08-29 16:00:00,0
2018-08-30 16:00:00,0
2018-08-31 16:00:00,0
2018-09-01 16:00:00,0
2018-09-02 16:00:00,0
2018-09-03 16:00:00,0
2018-09-04 16:00:00,0
2018-09-05 16:00:00,0
2018-09-06 16:00:00,0
2018-09-07 16:00:00,0
2018-09-08 16:00:00,0
2018-09-09 16:00:00,0
2018-09-10 16:00:00,0
2018-09-11 16:00:00,0
2018-09-12 16:00:00,0
2018-09-13 16:00:00,0
2018-09-14 16:00:00,0
2018-09-15 16:00:00,8
2018-09-16 16:00:00,7
2018-09-17 16:00:00,11
2018-09-18 16:00:00,11
2018-09-19 16:00:00,8
2018-09-20 16:00:00,6
2018-09-21 16:00:00,8
2018-09-22 16:00:00,9
2018-09-23 16:00:00,5
2018-09-24 16:00:00,4
2018-09-25 16:00:00,1
2018-09-26 16:00:00,0
2018-09-27 16:00:00,0
2018-09-28 16:00:00,4
2018-09-29 16:00:00,4
2018-09-30 16:00:00,3
2018-10-01 16:00:00,8
2018-10-02 16:00:00,25
2018-10-03 16:00:00,37
2018-10-04 16:00:00,38
2018-10-05 16:00:00,39
2018-10-06 16:00:00,39
2018-10-07 16:00:00,39
2018-10-08 16:00:00,40
2018-10-09 16:00:00,43
2018-10-10 16:00:00,43
2018-10-11 16:00:00,44
2018-10-12 16:00:00,45
2018-10-13 16:00:00,47
2018-10-14 16:00:00,47
2018-10-15 16:00:00,48
2018-10-16 16:00:00,50
2018-10-17 16:00:00,51
2018-10-18 16:00:00,51
2018-10-19 16:00:00,51
2018-10-20 16:00:00,51
2018-10-21 16:00:00,51
2018-10-22 16:00:00,51
2018-10-23 16:00:00,50
2018-10-24 16:00:00,51
2018-10-25 16:00:00,53
2018-10-26 16:00:00,56
2018-10-27 16:00:00,68
2018-10-28 16:00:00,72
2018-10-29 16:00:00,83
2018-10-30 16:00:00,83
2018-10-31 16:00:00,89
2018-11-01 16:00:00,94
2018-11-02 16:00:00,116
2018-11-03 16:00:00,120
2018-11-04 16:00:00,128
2018-11-05 16:00:00,137
2018-11-06 16:00:00,140
2018-11-07 16:00:00,141
2018-11-08 16:00:00,141
2018-11-09 16:00:00,142
2018-11-10 16:00:00,145
2018-11-11 16:00:00,145
2018-11-12 16:00:00,145
2018-11-13 16:00:00,145
2018-11-14 16:00:00,149
2018-11-15 16:00:00,161
2018-11-16 16:00:00,173
2018-11-17 16:00:00,174
2018-11-18 16:00:00,173
2018-11-19 16:00:00,173
2018-11-20 16:00:00,173
2018-11-21 16:00:00,174
2018-11-22 16:00:00,178
2018-11-23 16:00:00,180
2018-11-24 16:00:00,182
2018-11-25 16:00:00,182
2018-11-26 16:00:00,182
2018-11-27 16:00:00,188
2018-11-28 16:00:00,189
2018-11-29 16:00:00,189
2018-11-30 16:00:00,189
2018-12-01 16:00:00,189
2018-12-02 16:00:00,190
2018-12-03 16:00:00,190
2018-12-04 16:00:00,190
2018-12-05 16:00:00,190
2018-12-06 16:00:00,190
2018-12-07 16:00:00,190
2018-12-08 16:00:00,192
2018-12-09 16:00:00,196
2018-12-10 16:00:00,198
2018-12-11 16:00:00,201
2018-12-12 16:00:00,213
2018-12-13 16:00:00,223
2018-12-14 16:00:00,243
2018-12-15 16:00:00,249
2018-12-16 16:00:00,249
2018-12-17 16:00:00,254
2018-12-18 16:00:00,262
2018-12-19 16:00:00,273
2018-12-20 16:00:00,277
2018-12-21 16:00:00,304
2018-12-22 16:00:00,306
2018-12-23 16:00:00,306
2018-12-24 16:00:00,306
2018-12-25 16:00:00,306
2018-12-26 16:00:00,307
2018-12-27 16:00:00,307
2018-12-28 16:00:00,307
2018-12-29 16:00:00,310
2018-12-30 16:00:00,324
2018-12-31 16:00:00,327
2019-01-01 16:00:00,327
2019-01-02 16:00:00,327
2019-01-03 16:00:00,349
2019-01-04 16:00:00,382
2019-01-05 16:00:00,387
2019-01-06 16:00:00,389
2019-01-07 16:00:00,394
2019-01-08 16:00:00,396
2019-01-09 16:00:00,400
2019-01-10 16:00:00,401
2019-01-11 16:00:00,402
2019-01-12 16:00:00,402
2019-01-13 16:00:00,402
2019-01-14 16:00:00,402
2019-01-15 16:00:00,402
2019-01-16 16:00:00,402
2019-01-17 16:00:00,402
2019-01-18 16:00:00,403
2019-01-19 16:00:00,407
2019-01-20 16:00:00,410
2019-01-21 16:00:00,412
2019-01-22 16:00:00,411
2019-01-23 16:00:00,413
2019-01-24 16:00:00,413
2019-01-25 16:00:00,413
2019-01-26 16:00:00,414
2019-01-27 16:00:00,423
2019-01-28 16:00:00,424
2019-01-29 16:00:00,425
2019-01-30 16:00:00,427
2019-01-31 16:00:00,428
2019-02-01 16:00:00,435
2019-02-02 16:00:00,468
2019-02-03 16:00:00,473
2019-02-04 16:00:00,473
2019-02-05 16:00:00,473
2019-02-06 16:00:00,473
2019-02-07 16:00:00,473
2019-02-08 16:00:00,473
2019-02-09 16:00:00,475
2019-02-10 16:00:00,476
2019-02-11 16:00:00,480
2019-02-12 16:00:00,479
2019-02-13 16:00:00,486
2019-02-14 16:00:00,487
2019-02-15 16:00:00,487
2019-02-16 16:00:00,490
2019-02-17 16:00:00,493
2019-02-18 16:00:00,494
2019-02-19 16:00:00,496
2019-02-20 16:00:00,498
2019-02-21 16:00:00,498
2019-02-22 16:00:00,501
2019-02-23 16:00:00,501
2019-02-24 16:00:00,504
2019-02-25 16:00:00,508
2019-02-26 16:00:00,508
2019-02-27 16:00:00,506
2019-02-28 16:00:00,509
2019-03-01 16:00:00,510
2019-03-02 16:00:00,511
2019-03-03 16:00:00,511
2019-03-04 16:00:00,511
2019-03-05 16:00:00,511
2019-03-06 16:00:00,514
2019-03-07 16:00:00,515
2019-03-08 16:00:00,528
2019-03-09 16:00:00,531
2019-03-10 16:00:00,532
2019-03-11 16:00:00,532
2019-03-12 16:00:00,542
2019-03-13 16:00:00,542
2019-03-14 16:00:00,544
2019-03-15 16:00:00,548
2019-03-16 16:00:00,548
2019-03-17 16:00:00,550
2019-03-18 16:00:00,550
2019-03-19 16:00:00,551
2019-03-20 16:00:00,552
2019-03-21 16:00:00,555
2019-03-22 16:00:00,556
2019-03-23 16:00:00,552
2019-03-24 16:00:00,552
2019-03-25 16:00:00,553
2019-03-26 16:00:00,555
2019-03-27 16:00:00,560
2019-03-28 16:00:00,563
2019-03-29 16:00:00,563
2019-03-30 16:00:00,563
2019-03-31 16:00:00,564
2019-04-01 16:00:00,566
2019-04-02 16:00:00,567
2019-04-03 16:00:00,569
2019-04-04 16:00:00,568
2019-04-05 16:00:00,569
2019-04-06 16:00:00,577
2019-04-07 16:00:00,578
2019-04-08 16:00:00,578
2019-04-09 16:00:00,581
2019-04-10 16:00:00,590
2019-04-11 16:00:00,601
2019-04-12 16:00:00,603
2019-04-13 16:00:00,606
2019-04-14 16:00:00,615
2019-04-15 16:00:00,620
2019-04-16 16:00:00,621
2019-04-17 16:00:00,622
2019-04-18 16:00:00,623
2019-04-19 16:00:00,634
2019-04-20 16:00:00,637
2019-04-21 16:00:00,631
2019-04-22 16:00:00,632
2019-04-23 16:00:00,634
2019-04-24 16:00:00,637
2019-04-25 16:00:00,639
2019-04-26 16:00:00,638
2019-04-27 16:00:00,640
2019-04-28 16:00:00,641
2019-04-29 16:00:00,641
2019-04-30 16:00:00,641
2019-05-01 16:00:00,641
2019-05-02 16:00:00,661
2019-05-03 16:00:00,671
2019-05-04 16:00:00,674
2019-05-05 16:00:00,679
2019-05-06 16:00:00,680
2019-05-07 16:00:00,679
2019-05-08 16:00:00,671
2019-05-09 16:00:00,671
2019-05-10 16:00:00,663
2019-05-11 16:00:00,647
2019-05-12 16:00:00,625
2019-05-13 16:00:00,603
2019-05-14 16:00:00,582
2019-05-15 16:00:00,568
2019-05-16 16:00:00,552
2019-05-17 16:00:00,551
2019-05-18 16:00:00,552
2019-05-19 16:00:00,558
2019-05-20 16:00:00,559
2019-05-21 16:00:00,555
2019-05-22 16:00:00,550
2019-05-23 16:00:00,537
2019-05-24 16:00:00,529
2019-05-25 16:00:00,522
2019-05-26 16:00:00,522
2019-05-27 16:00:00,506
2019-05-28 16:00:00,480
2019-05-29 16:00:00,451
2019-05-30 16:00:00,413
2019-05-31 16:00:00,391
2019-06-01 16:00:00,357
2019-06-02 16:00:00,323
2019-06-03 16:00:00,284
2019-06-04 16:00:00,236
2019-06-05 16:00:00,205
2019-06-06 16:00:00,187
2019-06-07 16:00:00,181
2019-06-08 16:00:00,195
2019-06-09 16:00:00,196
2019-06-10 16:00:00,195
2019-06-11 16:00:00,185
2019-06-12 16:00:00,158
2019-06-13 16:00:00,108
2019-06-14 16:00:00,59
2019-06-15 16:00:00,31
2019-06-16 16:00:00,16
2019-06-17 16:00:00,7
2019-06-18 16:00:00,5
2019-06-19 16:00:00,2
2019-06-20 16:00:00,1
2019-06-21 16:00:00,3
2019-06-22 16:00:00,0
2019-06-23 16:00:00,0
2019-06-24 16:00:00,0
2019-06-25 16:00:00,0
2019-06-26 16:00:00,0
2019-06-27 16:00:00,0
2019-06-28 16:00:00,0
2019-06-29 16:00:00,0
2019-06-30 16:00:00,0
2019-07-01 16:00:00,0
2019-07-02 16:00:00,0
2019-07-03 16:00:00,0
2019-07-04 16:00:00,0
2019-07-05 16:00:00,0
2019-07-06 16:00:00,0
2019-07-07 16:00:00,0
2019-07-08 16:00:00,0
2019-07-09 16:00:00,0
2019-07-10 16:00:00,0
2019-07-11 16:00:00,0
2019-07-12 16:00:00,0
2019-07-13 16:00:00,0
2019-07-14 16:00:00,0
2019-07-15 16:00:00,0
2019-07-16 16:00:00,0
2019-07-17 16:00:00,0
2019-07-18 16:00:00,0
2019-07-19 16:00:00,0
2019-07-20 16:00:00,0
2019-07-21 16:00:00,0
2019-07-22 16:00:00,0
2019-07-23 16:00:00,0
2019-07-24 16:00:00,0
2019-07-25 16:00:00,0
2019-07-26 16:00:00,0
2019-07-27 16:00:00,0
2019-07-28 16:00:00,0
2019-07-29 16:00:00,0
2019-07-30 16:00:00,0
2019-07-31 16:00:00,0
2019-08-01 16:00:00,0
2019-08-02 16:00:00,0
2019-08-03 16:00:00,0
2019-08-04 16:00:00,0
2019-08-05 16:00:00,0
2019-08-06 16:00:00,0
2019-08-07 16:00:00,0
2019-08-08 16:00:00,0
2019-08-09 16:00:00,0
2019-08-10 16:00:00,0
2019-08-11 16:00:00,0
2019-08-12 16:00:00,0
2019-08-13 16:00:00,0
2019-08-14 16:00:00,0
2019-08-15 16:00:00,0
2019-08-16 16:00:00,0
2019-08-17 16:00:00,0
2019-08-18 16:00:00,0
2019-08-19 16:00:00,0
2019-08-20 16:00:00,0
2019-08-21 16:00:00,0
2019-08-22 16:00:00,0
2019-08-23 16:00:00,0
2019-08-24 16:00:00,0
2019-08-25 16:00:00,0
2019-08-26 16:00:00,0
2019-08-27 16:00:00,0
2019-08-28 16:00:00,0
2019-08-29 16:00:00,0
2019-08-30 16:00:00,0
2019-08-31 16:00:00,0
2019-09-01 16:00:00,0
2019-09-02 16:00:00,0
2019-09-03 16:00:00,0
2019-09-04 16:00:00,0
2019-09-05 16:00:00,0
2019-09-06 16:00:00,0
2019-09-07 16:00:00,0
2019-09-08 16:00:00,0
2019-09-09 16:00:00,0
2019-09-10 16:00:00,0
2019-09-11 16:00:00,0
2019-09-12 16:00:00,0
2019-09-13 16:00:00,0
2019-09-14 16:00:00,0
2019-09-15 16:00:00,0
2019-09-16 16:00:00,0
2019-09-17 16:00:00,0
2019-09-18 16:00:00,0
2019-09-19 16:00:00,0
2019-09-20 16:00:00,0
2019-09-21 16:00:00,0
2019-09-22 16:00:00,0
2019-09-23 16:00:00,0
2019-09-24 16:00:00,2
2019-09-25 16:00:00,0
2019-09-26 16:00:00,10
2019-09-27 16:00:00,15
2019-09-28 16:00:00,15
2019-09-29 16:00:00,15
2019-09-30 16:00:00,15
2019-10-01 16:00:00,17
2019-10-02 16:00:00,17
2019-10-03 16:00:00,18
2019-10-04 16:00:00,19
2019-10-05 16:00:00,20
2019-10-06 16:00:00,22
2019-10-07 16:00:00,22
2019-10-08 16:00:00,35
2019-10-09 16:00:00,37
2019-10-10 16:00:00,37
2019-10-11 16:00:00,37
2019-10-12 16:00:00,37
2019-10-13 16:00:00,37
2019-10-14 16:00:00,46
2019-10-15 16:00:00,46
2019-10-16 16:00:00,47
2019-10-17 16:00:00,68
2019-10-18 16:00:00,73
2019-10-19 16:00:00,77
2019-10-20 16:00:00,80
2019-10-21 16:00:00,82
2019-10-22 16:00:00,88
2019-10-23 16:00:00,92
2019-10-24 16:00:00,92
2019-10-25 16:00:00,98
2019-10-26 16:00:00,110
2019-10-27 16:00:00,110
2019-10-28 16:00:00,110
2019-10-29 16:00:00,110
2019-10-30 16:00:00,117
2019-10-31 16:00:00,113
2019-11-01 16:00:00,112
2019-11-02 16:00:00,113
2019-11-03 16:00:00,117
2019-11-04 16:00:00,119
2019-11-05 16:00:00,133
2019-11-06 16:00:00,146
2019-11-07 16:00:00,147
2019-11-08 16:00:00,148
2019-11-09 16:00:00,159
2019-11-10 16:00:00,171
2019-11-11 16:00:00,175
2019-11-12 16:00:00,177
2019-11-13 16:00:00,178
2019-11-14 16:00:00,178
2019-11-15 16:00:00,179
2019-11-16 16:00:00,183
2019-11-17 16:00:00,189
2019-11-18 16:00:00,194
2019-11-19 16:00:00,200
2019-11-20 16:00:00,201
2019-11-21 16:00:00,201
2019-11-22 16:00:00,202
2019-11-23 16:00:00,202
2019-11-24 16:00:00,220
2019-11-25 16:00:00,220
2019-11-26 16:00:00,221
2019-11-27 16:00:00,222
2019-11-28 16:00:00,222
2019-11-29 16:00:00,222
2019-11-30 16:00:00,222
2019-12-01 16:00:00,223
2019-12-02 16:00:00,223
2019-12-03 16:00:00,225
2019-12-04 16:00:00,238.99999999995634
2019-12-05 16:00:00,248
2019-12-06 16:00:00,250
2019-12-07 16:00:00,260
2019-12-08 16:00:00,268
2019-12-09 16:00:00,268
2019-12-10 16:00:00,269
2019-12-11 16:00:00,269
2019-12-12 16:00:00,269
2019-12-13 16:00:00,271
2019-12-14 16:00:00,272
2019-12-15 16:00:00,273
2019-12-16 16:00:00,273
2019-12-17 16:00:00,276
2019-12-18 16:00:00,280
2019-12-19 16:00:00,281
2019-12-20 16:00:00,295
2019-12-21 16:00:00,340
2019-12-22 16:00:00,366
2019-12-23 16:00:00,369.33333333331393
2019-12-24 16:00:00,372
2019-12-25 16:00:00,372
2019-12-26 16:00:00,372
2019-12-27 16:00:00,372
2019-12-28 16:00:00,372
2019-12-29 16:00:00,372
2019-12-30 16:00:00,372
2019-12-31 16:00:00,373
2020-01-01 16:00:00,380
2020-01-02 16:00:00,391
2020-01-03 16:00:00,395
2020-01-04 16:00:00,407
2020-01-05 16:00:00,418
2020-01-06 16:00:00,423
2020-01-07 16:00:00,425
2020-01-08 16:00:00,441
2020-01-09 16:00:00,444
2020-01-10 16:00:00,444
2020-01-11 16:00:00,445
2020-01-12 16:00:00,447.7777777777713
2020-01-13 16:00:00,458
2020-01-14 16:00:00,459
2020-01-15 16:00:00,459
2020-01-16 16:00:00,465
2020-01-17 16:00:00,473
2020-01-18 16:00:00,473
2020-01-19 16:00:00,473
2020-01-20 16:00:00,475
2020-01-21 16:00:00,476
2020-01-22 16:00:00,477
2020-01-23 16:00:00,478
2020-01-24 16:00:00,481
2020-01-25 16:00:00,485
2020-01-26 16:00:00,486
2020-01-27 16:00:00,486
2020-01-28 16:00:00,488
2020-01-29 16:00:00,487
2020-01-30 16:00:00,490
2020-01-31 16:00:00,497
2020-02-01 16:00:00,533
2020-02-02 16:00:00,556
2020-02-03 16:00:00,558
2020-02-04 16:00:00,559
2020-02-05 16:00:00,563
2020-02-06 16:00:00,564
2020-02-07 16:00:00,565
2020-02-08 16:00:00,570
2020-02-09 16:00:00,573
2020-02-10 16:00:00,573
2020-02-11 16:00:00,580
2020-02-12 16:00:00,582
2020-02-13 16:00:00,586
2020-02-14 16:00:00,593
2020-02-15 16:00:00,599
2020-02-16 16:00:00,605
2020-02-17 16:00:00,606
2020-02-18 16:00:00,606
2020-02-19 16:00:00,606
2020-02-20 16:00:00,607
2020-02-21 16:00:00,607
2020-02-22 16:00:00,608.1999999999861
2020-02-23 16:00:00,615
2020-02-24 16:00:00,617
2020-02-25 16:00:00,618
2020-02-26 16:00:00,622
2020-02-27 16:00:00,623
2020-02-28 16:00:00,626
2020-02-29 16:00:00,640
2020-03-01 16:00:00,642
2020-03-02 16:00:00,648
2020-03-03 16:00:00,657
2020-03-04 16:00:00,680
2020-03-05 16:00:00,684
2020-03-06 16:00:00,689
2020-03-07 16:00:00,708
2020-03-08 16:00:00,717
2020-03-09 16:00:00,718
2020-03-10 16:00:00,720
2020-03-11 16:00:00,728
2020-03-12 16:00:00,728
2020-03-13 16:00:00,739
2020-03-14 16:00:00,744
2020-03-15 16:00:00,746
2020-03-16 16:00:00,746
2020-03-17 16:00:00,749
2020-03-18 16:00:00,751
2020-03-19 16:00:00,747
2020-03-20 16:00:00,749
2020-03-21 16:00:00,750
2020-03-22 16:00:00,751
2020-03-23 16:00:00,753
2020-03-24 16:00:00,755
2020-03-25 16:00:00,757
2020-03-26 16:00:00,758
2020-03-27 16:00:00,758
2020-03-28 16:00:00,758
2020-03-29 16:00:00,765
2020-03-30 16:00:00,773
2020-03-31 16:00:00,782
2020-04-01 16:00:00,789
2020-04-02 16:00:00,792
2020-04-03 16:00:00,800
2020-04-04 16:00:00,805
2020-04-05 16:00:00,809
2020-04-06 16:00:00,809
2020-04-07 16:00:00,810
2020-04-08 16:00:00,808
2020-04-09 16:00:00,812
2020-04-10 16:00:00,819
2020-04-11 16:00:00,824
2020-04-12 16:00:00,825
2020-04-13 16:00:00,822
2020-04-14 16:00:00,822
2020-04-15 16:00:00,823
2020-04-16 16:00:00,826
2020-04-17 16:00:00,828
2020-04-18 16:00:00,826
2020-04-19 16:00:00,832
2020-04-20 16:00:00,831
2020-04-21 16:00:00,849
2020-04-22 16:00:00,859
2020-04-23 16:00:00,859
2020-04-24 16:00:00,862
2020-04-25 16:00:00,861
2020-04-26 16:00:00,863
2020-04-27 16:00:00,866
2020-04-28 16:00:00,863
2020-04-29 16:00:00,862
2020-04-30 16:00:00,863
2020-05-01 16:00:00,872
2020-05-02 16:00:00,866
2020-05-03 16:00:00,867
2020-05-04 16:00:00,878
2020-05-05 16:00:00,883
2020-05-06 16:00:00,884
2020-05-07 16:00:00,887
2020-05-08 16:00:00,891
2020-05-09 16:00:00,888
2020-05-10 16:00:00,883
2020-05-11 16:00:00,881
2020-05-12 16:00:00,877
2020-05-13 16:00:00,869
2020-05-14 16:00:00,860
2020-05-15 16:00:00,846
2020-05-16 16:00:00,830
2020-05-17 16:00:00,818
2020-05-18 16:00:00,813
2020-05-19 16:00:00,797
2020-05-20 16:00:00,791
2020-05-21 16:00:00,790
2020-05-22 16:00:00,814
2020-05-23 16:00:00,828
2020-05-24 16:00:00,830
2020-05-25 16:00:00,830
2020-05-26 16:00:00,828
2020-05-27 16:00:00,810
2020-05-28 16:00:00,796
2020-05-29 16:00:00,786
2020-05-30 16:00:00,760
2020-05-31 16:00:00,740
2020-06-01 16:00:00,722
2020-06-02 16:00:00,711
2020-06-03 16:00:00,696
2020-06-04 16:00:00,682
2020-06-05 16:00:00,665
2020-06-06 16:00:00,653
2020-06-07 16:00:00,629
2020-06-08 16:00:00,620
2020-06-09 16:00:00,609
2020-06-10 16:00:00,601
2020-06-11 16:00:00,581
2020-06-12 16:00:00,554
2020-06-13 16:00:00,529
2020-06-14 16:00:00,508
2020-06-15 16:00:00,494
2020-06-16 16:00:00,479
2020-06-17 16:00:00,463
2020-06-18 16:00:00,437
2020-06-19 16:00:00,398
2020-06-20 16:00:00,359
2020-06-21 16:00:00,340
2020-06-22 16:00:00,307
2020-06-23 16:00:00,278
2020-06-24 16:00:00,247
2020-06-25 16:00:00,218
2020-06-26 16:00:00,174
2020-06-27 16:00:00,137
2020-06-28 16:00:00,113
2020-06-29 16:00:00,97
2020-06-30 16:00:00,67
2020-07-01 16:00:00,59
2020-07-02 16:00:00,49
2020-07-03 16:00:00,37
2020-07-04 16:00:00,22
2020-07-05 16:00:00,14
2020-07-06 16:00:00,9
2020-07-07 16:00:00,7
2020-07-08 16:00:00,5
2020-07-09 16:00:00,3
2020-07-10 16:00:00,3
2020-07-11 16:00:00,0
2020-07-12 16:00:00,0
2020-07-13 16:00:00,0
2020-07-14 16:00:00,0
2020-07-15 16:00:00,0
2020-07-16 16:00:00,0
2020-07-17 16:00:00,0
2020-07-18 16:00:00,0
2020-07-19 16:00:00,0
2020-07-20 16:00:00,0
2020-07-21 16:00:00,0
2020-07-22 16:00:00,0
2020-07-23 16:00:00,0
2020-07-24 16:00:00,0
2020-07-25 16:00:00,0
2020-07-26 16:00:00,0
2020-07-27 16:00:00,0
2020-07-28 16:00:00,0
2020-07-29 16:00:00,0
2020-07-30 16:00:00,0
2020-07-31 16:00:00,0
2020-08-01 16:00:00,0
2020-08-02 16:00:00,0
2020-08-03 16:00:00,0
2020-08-04 16:00:00,0
2020-08-05 16:00:00,0
2020-08-06 16:00:00,0
2020-08-07 16:00:00,0
2020-08-08 16:00:00,0
2020-08-09 16:00:00,0
2020-08-10 16:00:00,0
2020-08-11 16:00:00,0
2020-08-12 16:00:00,0
2020-08-13 16:00:00,0
2020-08-14 16:00:00,0
2020-08-15 16:00:00,0
2020-08-16 16:00:00,0
2020-08-17 16:00:00,0
2020-08-18 16:00:00,0
2020-08-19 16:00:00,0
2020-08-20 16:00:00,0
2020-08-21 16:00:00,0
2020-08-22 16:00:00,0
2020-08-23 16:00:00,0
2020-08-24 16:00:00,0
2020-08-25 16:00:00,0
2020-08-26 16:00:00,0
2020-08-27 16:00:00,0
2020-08-28 16:00:00,0
2020-08-29 16:00:00,0
2020-08-30 16:00:00,0
2020-08-31 16:00:00,0
2020-09-01 16:00:00,0
2020-09-02 16:00:00,0
2020-09-03 16:00:00,0
2020-09-04 16:00:00,0
2020-09-05 16:00:00,0
2020-09-06 16:00:00,0
2020-09-07 16:00:00,0
2020-09-08 16:00:00,0
2020-09-09 16:00:00,0
2020-09-10 16:00:00,0
2020-09-11 16:00:00,0
2020-09-12 16:00:00,0
2020-09-13 16:00:00,0
2020-09-14 16:00:00,0
2020-09-15 16:00:00,0
2020-09-16 16:00:00,0
2020-09-17 16:00:00,0
2020-09-18 16:00:00,0
2020-09-19 16:00:00,0
2020-09-20 16:00:00,0
2020-09-21 16:00:00,0
2020-09-22 16:00:00,0
2020-09-23 16:00:00,0
2020-09-24 16:00:00,0
2020-09-25 16:00:00,0
2020-09-26 16:00:00,0
2020-09-27 16:00:00,0
2020-09-28 16:00:00,0
2020-09-29 16:00:00,0
2020-09-30 16:00:00,0
2020-10-01 16:00:00,0
2020-10-02 16:00:00,0
2020-10-03 16:00:00,0
2020-10-04 16:00:00,0
2020-10-05 16:00:00,0
2020-10-06 16:00:00,0
2020-10-07 16:00:00,0
2020-10-08 16:00:00,0
2020-10-09 16:00:00,1
2020-10-10 16:00:00,1
2020-10-11 16:00:00,4
2020-10-12 16:00:00,16
2020-10-13 16:00:00,21
2020-10-14 16:00:00,39
2020-10-15 16:00:00,41
2020-10-16 16:00:00,53
2020-10-17 16:00:00,68
2020-10-18 16:00:00,69
2020-10-19 16:00:00,80
2020-10-20 16:00:00,93
2020-10-21 16:00:00,93
2020-10-22 16:00:00,93
2020-10-23 16:00:00,93
2020-10-24 16:00:00,97
2020-10-25 16:00:00,100
2020-10-26 16:00:00,107
2020-10-27 16:00:00,102
2020-10-28 16:00:00,108
2020-10-29 16:00:00,121
2020-10-30 16:00:00,132
2020-10-31 16:00:00,139
2020-11-01 16:00:00,139
2020-11-02 16:00:00,139
2020-11-03 16:00:00,138
2020-11-04 16:00:00,144
2020-11-05 16:00:00,152
2020-11-06 16:00:00,168
2020-11-07 16:00:00,167
2020-11-08 16:00:00,167
2020-11-09 16:00:00,167
2020-11-10 16:00:00,168
2020-11-11 16:00:00,168
2020-11-12 16:00:00,168
2020-11-13 16:00:00,175
2020-11-14 16:00:00,187.9999999999418
2020-11-15 16:00:00,194
2020-11-16 16:00:00,198
2020-11-17 16:00:00,212
2020-11-18 16:00:00,227
2020-11-19 16:00:00,239
2020-11-20 16:00:00,248
2020-11-21 16:00:00,255
2020-11-22 16:00:00,257
2020-11-23 16:00:00,257
2020-11-24 16:00:00,257
2020-11-25 16:00:00,263
2020-11-26 16:00:00,268
2020-11-27 16:00:00,270
2020-11-28 16:00:00,274
2020-11-29 16:00:00,275
2020-11-30 16:00:00,275
2020-12-01 16:00:00,276
2020-12-02 16:00:00,275
2020-12-03 16:00:00,276
2020-12-04 16:00:00,276
2020-12-05 16:00:00,276
2020-12-06 16:00:00,276
2020-12-07 16:00:00,275
2020-12-08 16:00:00,287
2020-12-09 16:00:00,304
2020-12-10 16:00:00,304
2020-12-11 16:00:00,305
2020-12-12 16:00:00,305
2020-12-13 16:00:00,305
2020-12-14 16:00:00,305
2020-12-15 16:00:00,305
2020-12-16 16:00:00,310
2020-12-17 16:00:00,314
2020-12-18 16:00:00,317
2020-12-19 16:00:00,328
2020-12-20 16:00:00,351
2020-12-21 16:00:00,358
2020-12-22 16:00:00,381
2020-12-23 16:00:00,382
2020-12-24 16:00:00,382
2020-12-25 16:00:00,382
2020-12-26 16:00:00,384
2020-12-27 16:00:00,389
2020-12-28 16:00:00,390
2020-12-29 16:00:00,391
2020-12-30 16:00:00,391
2020-12-31 16:00:00,391
2021-01-01 16:00:00,392
2021-01-02 16:00:00,400
2021-01-03 16:00:00,428
2021-01-04 16:00:00,428
2021-01-05 16:00:00,435
2021-01-06 16:00:00,439
2021-01-07 16:00:00,444
2021-01-08 16:00:00,444
2021-01-09 16:00:00,444
2021-01-10 16:00:00,444
2021-01-11 16:00:00,444
2021-01-12 16:00:00,446
2021-01-13 16:00:00,480
2021-01-14 16:00:00,487
2021-01-15 16:00:00,487
2021-01-16 16:00:00,488
2021-01-17 16:00:00,490
2021-01-18 16:00:00,494
2021-01-19 16:00:00,494
2021-01-20 16:00:00,497
2021-01-21 16:00:00,498
2021-01-22 16:00:00,498
2021-01-23 16:00:00,498
2021-01-24 16:00:00,498
2021-01-25 16:00:00,498
2021-01-26 16:00:00,498
2021-01-27 16:00:00,498
2021-01-28 16:00:00,503
2021-01-29 16:00:00,518
2021-01-30 16:00:00,519
2021-01-31 16:00:00,520
2021-02-01 16:00:00,541
2021-02-02 16:00:00,568
2021-02-03 16:00:00,588
2021-02-04 16:00:00,590
2021-02-05 16:00:00,597
2021-02-06 16:00:00,608
2021-02-07 16:00:00,612
2021-02-08 16:00:00,615
2021-02-09 16:00:00,616
2021-02-10 16:00:00,617
2021-02-11 16:00:00,617
2021-02-12 16:00:00,617
2021-02-13 16:00:00,617
2021-02-14 16:00:00,617
2021-02-15 16:00:00,617
2021-02-16 16:00:00,617
2021-02-17 16:00:00,617
2021-02-18 16:00:00,617
2021-02-19 16:00:00,620
2021-02-20 16:00:00,620
2021-02-21 16:00:00,623
2021-02-22 16:00:00,647
2021-02-23 16:00:00,667
2021-02-24 16:00:00,668
2021-02-25 16:00:00,678
2021-02-26 16:00:00,680
2021-02-27 16:00:00,685
2021-02-28 16:00:00,687
2021-03-01 16:00:00,690
2021-03-02 16:00:00,698
2021-03-03 16:00:00,700
2021-03-04 16:00:00,700
2021-03-05 16:00:00,701
2021-03-06 16:00:00,704
2021-03-07 16:00:00,704
2021-03-08 16:00:00,705
2021-03-09 16:00:00,707
2021-03-10 16:00:00,708
2021-03-11 16:00:00,708
2021-03-12 16:00:00,707
2021-03-13 16:00:00,707
2021-03-14 16:00:00,710
2021-03-15 16:00:00,709
2021-03-16 16:00:00,709
2021-03-17 16:00:00,709
2021-03-18 16:00:00,709
2021-03-19 16:00:00,712
2021-03-20 16:00:00,716
2021-03-21 16:00:00,719
2021-03-22 16:00:00,726
2021-03-23 16:00:00,727
2021-03-24 16:00:00,739
2021-03-25 16:00:00,740
2021-03-26 16:00:00,741
2021-03-27 16:00:00,743
2021-03-28 16:00:00,759
2021-03-29 16:00:00,777
2021-03-30 16:00:00,781
2021-03-31 16:00:00,783
2021-04-01 16:00:00,789
2021-04-02 16:00:00,787
2021-04-03 16:00:00,785
2021-04-04 16:00:00,788
2021-04-05 16:00:00,793
2021-04-06 16:00:00,795
2021-04-07 16:00:00,796
2021-04-08 16:00:00,797
2021-04-09 16:00:00,800
2021-04-10 16:00:00,816
2021-04-11 16:00:00,818
2021-04-12 16:00:00,818
2021-04-13 16:00:00,822
2021-04-14 16:00:00,823
2021-04-15 16:00:00,821
2021-04-16 16:00:00,818
2021-04-17 16:00:00,815
2021-04-18 16:00:00,811
2021-04-19 16:00:00,829
2021-04-20 16:00:00,833
2021-04-21 16:00:00,832
2021-04-22 16:00:00,832
2021-04-23 16:00:00,835
2021-04-24 16:00:00,843
2021-04-25 16:00:00,849
2021-04-26 16:00:00,855
2021-04-27 16:00:00,855
2021-04-28 16:00:00,853
2021-04-29 16:00:00,854
2021-04-30 16:00:00,858
2021-05-01 16:00:00,860
2021-05-02 16:00:00,859
2021-05-03 16:00:00,853
2021-05-04 16:00:00,856
2021-05-05 16:00:00,856
2021-05-06 16:00:00,848
2021-05-07 16:00:00,844
2021-05-08 16:00:00,846
2021-05-09 16:00:00,845
2021-05-10 16:00:00,847
2021-05-11 16:00:00,845
2021-05-12 16:00:00,841
2021-05-13 16:00:00,838
2021-05-14 16:00:00,832
2021-05-15 16:00:00,822
2021-05-16 16:00:00,807
2021-05-17 16:00:00,786
2021-05-18 16:00:00,767
2021-05-19 16:00:00,766
2021-05-20 16:00:00,763
2021-05-21 16:00:00,762
2021-05-22 16:00:00,761
2021-05-23 16:00:00,748
2021-05-24 16:00:00,736
2021-05-25 16:00:00,717
2021-05-26 16:00:00,708
2021-05-27 16:00:00,691
2021-05-28 16:00:00,683
2021-05-29 16:00:00,682
2021-05-30 16:00:00,676
2021-05-31 16:00:00,653
2021-06-01 16:00:00,622
2021-06-02 16:00:00,593
2021-06-03 16:00:00,552
2021-06-04 16:00:00,502
2021-06-05 16:00:00,461
2021-06-06 16:00:00,446
2021-06-07 16:00:00,460
2021-06-08 16:00:00,465
2021-06-09 16:00:00,461
2021-06-10 16:00:00,456
2021-06-11 16:00:00,446
2021-06-12 16:00:00,439
2021-06-13 16:00:00,421
2021-06-14 16:00:00,405
2021-06-15 16:00:00,375
2021-06-16 16:00:00,348
2021-06-17 16:00:00,335
2021-06-18 16:00:00,311
2021-06-19 16:00:00,278
2021-06-20 16:00:00,256
2021-06-21 16:00:00,219
2021-06-22 16:00:00,172
2021-06-23 16:00:00,120
2021-06-24 16:00:00,74
2021-06-25 16:00:00,50
2021-06-26 16:00:00,17
2021-06-27 16:00:00,8
2021-06-28 16:00:00,4
2021-06-29 16:00:00,1
2021-06-30 16:00:00,0
2021-07-01 16:00:00,-1
2021-07-02 16:00:00,-2
2021-07-03 16:00:00,-1
2021-07-04 16:00:00,-2
2021-07-05 16:00:00,-2
2021-07-06 16:00:00,-1
2021-07-07 16:00:00,-3
2021-07-08 16:00:00,-1
2021-07-09 16:00:00,-3
2021-07-10 16:00:00,-3
2021-07-11 16:00:00,-3
2021-07-12 16:00:00,-4
2021-07-13 16:00:00,-3
2021-07-14 16:00:00,-4
2021-07-15 16:00:00,-3
2021-07-16 16:00:00,-3
2021-07-17 16:00:00,-3
2021-07-18 16:00:00,-4
2021-07-19 16:00:00,-4
2021-07-20 16:00:00,-3
2021-07-21 16:00:00,-4
2021-07-22 16:00:00,-3
2021-07-23 16:00:00,-4
2021-07-24 16:00:00,-4
2021-07-25 16:00:00,-4
2021-07-26 16:00:00,-3
2021-07-27 16:00:00,-3
2021-07-28 16:00:00,-4
2021-07-29 16:00:00,-3
2021-07-30 16:00:00,-3
2021-07-31 16:00:00,-3
2021-08-01 16:00:00,-3
2021-08-02 16:00:00,-1
2021-08-03 16:00:00,-1
2021-08-04 16:00:00,-3
2021-08-05 16:00:00,-4
2021-08-06 16:00:00,-3
2021-08-07 16:00:00,-2
2021-08-08 16:00:00,-1
2021-08-09 16:00:00,-2
2021-08-10 16:00:00,-2
2021-08-11 16:00:00,-2
2021-08-12 16:00:00,-3
2021-08-13 16:00:00,-4
2021-08-14 16:00:00,-2
2021-08-15 16:00:00,-2
2021-08-16 16:00:00,-2
2021-08-17 16:00:00,-1
2021-08-18 16:00:00,-2
2021-08-19 16:00:00,-2
2021-08-20 16:00:00,-1
2021-08-21 16:00:00,-1
2021-08-22 16:00:00,-1
2021-08-23 16:00:00,0
2021-08-24 16:00:00,-2
2021-08-25 16:00:00,-2
2021-08-26 16:00:00,-3
2021-08-27 16:00:00,-1
2021-08-28 16:00:00,-2
2021-08-29 16:00:00,-3
2021-08-30 16:00:00,-3
2021-08-31 16:00:00,-2
2021-09-01 16:00:00,2
2021-09-02 16:00:00,-1
2021-09-03 16:00:00,-2
2021-09-04 16:00:00,-2
2021-09-05 16:00:00,-2
2021-09-06 16:00:00,-2
2021-09-07 16:00:00,-3
2021-09-08 16:00:00,-2
2021-09-09 16:00:00,-2
2021-09-10 16:00:00,-2
2021-09-11 16:00:00,-1
2021-09-12 16:00:00,0
2021-09-13 16:00:00,-1
2021-09-14 16:00:00,-2
2021-09-15 16:00:00,1
2021-09-16 16:00:00,0
2021-09-17 16:00:00,-1
2021-09-18 16:00:00,4
2021-09-19 16:00:00,3
2021-09-20 16:00:00,1
2021-09-21 16:00:00,0
2021-09-22 16:00:00,0
2021-09-23 16:00:00,0
2021-09-24 16:00:00,-1
2021-09-25 16:00:00,-2
2021-09-26 16:00:00,0
2021-09-27 16:00:00,0
2021-09-28 16:00:00,0
2021-09-29 16:00:00,0
2021-09-30 16:00:00,0
2021-10-01 16:00:00,0
2021-10-02 16:00:00,-1
2021-10-03 16:00:00,-1
2021-10-04 16:00:00,-1
2021-10-05 16:00:00,-1
2021-10-06 16:00:00,1
2021-10-07 16:00:00,1
2021-10-08 16:00:00,3
2021-10-09 16:00:00,3
2021-10-10 16:00:00,9
2021-10-11 16:00:00,12
2021-10-12 16:00:00,13
2021-10-13 16:00:00,13
2021-10-14 16:00:00,16
2021-10-15 16:00:00,17
2021-10-16 16:00:00,19
2021-10-17 16:00:00,20
2021-10-18 16:00:00,21
2021-10-19 16:00:00,20
2021-10-20 16:00:00,20
2021-10-21 16:00:00,23
2021-10-22 16:00:00,23
2021-10-23 16:00:00,28
2021-10-24 16:00:00,31
2021-10-25 16:00:00,38
2021-10-26 16:00:00,39
2021-10-27 16:00:00,46
2021-10-28 16:00:00,48
2021-10-29 16:00:00,67
2021-10-30 16:00:00,68
2021-10-31 16:00:00,67
2021-11-01 16:00:00,67
2021-11-02 16:00:00,67
2021-11-03 16:00:00,67
2021-11-04 16:00:00,68
2021-11-05 16:00:00,71
2021-11-06 16:00:00,76
2021-11-07 16:00:00,91
2021-11-08 16:00:00,100
2021-11-09 16:00:00,101
2021-11-10 16:00:00,107
2021-11-11 16:00:00,109
2021-11-12 16:00:00,110
2021-11-13 16:00:00,129
2021-11-14 16:00:00,147
2021-11-15 16:00:00,211
2021-11-16 16:00:00,281
2021-11-17 16:00:00,281
2021-11-18 16:00:00,280
2021-11-19 16:00:00,280
2021-11-20 16:00:00,279
2021-11-21 16:00:00,280
2021-11-22 16:00:00,284
2021-11-23 16:00:00,286
2021-11-24 16:00:00,286
2021-11-25 16:00:00,286
2021-11-26 16:00:00,307
2021-11-27 16:00:00,312
2021-11-28 16:00:00,329
2021-11-29 16:00:00,358
2021-11-30 16:00:00,362
2021-12-01 16:00:00,397
2021-12-02 16:00:00,430
2021-12-03 16:00:00,432
2021-12-04 16:00:00,434
2021-12-05 16:00:00,439
2021-12-06 16:00:00,442
2021-12-07 16:00:00,443
2021-12-08 16:00:00,450
2021-12-09 16:00:00,460
2021-12-10 16:00:00,461
2021-12-11 16:00:00,476
2021-12-12 16:00:00,501
2021-12-13 16:00:00,501
2021-12-14 16:00:00,510
2021-12-15 16:00:00,511
2021-12-16 16:00:00,511
2021-12-17 16:00:00,513
2021-12-18 16:00:00,513
2021-12-19 16:00:00,523
2021-12-20 16:00:00,524
2021-12-21 16:00:00,524
2021-12-22 16:00:00,527
2021-12-23 16:00:00,541
2021-12-24 16:00:00,548
2021-12-25 16:00:00,550
2021-12-26 16:00:00,560
2021-12-27 16:00:00,561
2021-12-28 16:00:00,563
2021-12-29 16:00:00,563
2021-12-30 16:00:00,563
2021-12-31 16:00:00,563
2022-01-01 16:00:00,563
2022-01-02 16:00:00,566
2022-01-03 16:00:00,579
2022-01-04 16:00:00,594
2022-01-05 16:00:00,597
2022-01-06 16:00:00,598
2022-01-07 16:00:00,610
2022-01-08 16:00:00,612
2022-01-09 16:00:00,613
2022-01-10 16:00:00,617
2022-01-11 16:00:00,623
2022-01-12 16:00:00,626
2022-01-13 16:00:00,639
2022-01-14 16:00:00,639
2022-01-15 16:00:00,641
2022-01-16 16:00:00,641
2022-01-17 16:00:00,651
2022-01-18 16:00:00,662
2022-01-19 16:00:00,663
2022-01-20 16:00:00,668
2022-01-21 16:00:00,669
2022-01-22 16:00:00,669
2022-01-23 16:00:00,671
2022-01-24 16:00:00,672
2022-01-25 16:00:00,671
2022-01-26 16:00:00,672
2022-01-27 16:00:00,670
2022-01-28 16:00:00,670
2022-01-29 16:00:00,670
2022-01-30 16:00:00,670
2022-01-31 16:00:00,685
2022-02-01 16:00:00,691
2022-02-02 16:00:00,692
2022-02-03 16:00:00,694
2022-02-04 16:00:00,695
2022-02-05 16:00:00,701
2022-02-06 16:00:00,705
2022-02-07 16:00:00,713
2022-02-08 16:00:00,713
2022-02-09 16:00:00,713
2022-02-10 16:00:00,720
2022-02-11 16:00:00,720
2022-02-12 16:00:00,719
2022-02-13 16:00:00,721
2022-02-14 16:00:00,725
2022-02-15 16:00:00,724
2022-02-16 16:00:00,723
2022-02-17 16:00:00,728
2022-02-18 16:00:00,731
2022-02-19 16:00:00,745
2022-02-20 16:00:00,761
2022-02-21 16:00:00,766
2022-02-22 16:00:00,767
2022-02-23 16:00:00,771
2022-02-24 16:00:00,770
2022-02-25 16:00:00,770
2022-02-26 16:00:00,770
2022-02-27 16:00:00,772
2022-02-28 16:00:00,778
2022-03-01 16:00:00,780
2022-03-02 16:00:00,782
2022-03-03 16:00:00,789
2022-03-04 16:00:00,797
2022-03-05 16:00:00,798
2022-03-06 16:00:00,798
2022-03-07 16:00:00,800
2022-03-08 16:00:00,804
2022-03-09 16:00:00,807
2022-03-10 16:00:00,808
2022-03-11 16:00:00,807
2022-03-12 16:00:00,811
2022-03-13 16:00:00,818
2022-03-14 16:00:00,818
2022-03-15 16:00:00,831
2022-03-16 16:00:00,838
2022-03-17 16:00:00,847
2022-03-18 16:00:00,849
2022-03-19 16:00:00,853
2022-03-20 16:00:00,859
2022-03-21 16:00:00,860
2022-03-22 16:00:00,860
2022-03-23 16:00:00,866
2022-03-24 16:00:00,873
2022-03-25 16:00:00,877
2022-03-26 16:00:00,877
2022-03-27 16:00:00,878
2022-03-28 16:00:00,880
2022-03-29 16:00:00,879
2022-03-30 16:00:00,883
2022-03-31 16:00:00,885
2022-04-01 16:00:00,889
2022-04-02 16:00:00,890
2022-04-03 16:00:00,893
2022-04-04 16:00:00,908
2022-04-05 16:00:00,907
2022-04-06 16:00:00,907
2022-04-07 16:00:00,913
2022-04-08 16:00:00,923
2022-04-09 16:00:00,927
2022-04-10 16:00:00,927
2022-04-11 16:00:00,935
2022-04-12 16:00:00,934
2022-04-13 16:00:00,935
2022-04-14 16:00:00,937
2022-04-15 16:00:00,938
2022-04-16 16:00:00,939
2022-04-17 16:00:00,938
2022-04-18 16:00:00,941
2022-04-19 16:00:00,953
2022-04-20 16:00:00,956
2022-04-21 16:00:00,958
2022-04-22 16:00:00,961
2022-04-23 16:00:00,967
2022-04-24 16:00:00,974
2022-04-25 16:00:00,976
2022-04-26 16:00:00,977
2022-04-27 16:00:00,984
2022-04-28 16:00:00,987
2022-04-29 16:00:00,990
2022-04-30 16:00:00,991
2022-05-01 16:00:00,999
2022-05-02 16:00:00,1006
2022-05-03 16:00:00,1009.0000000000001
2022-05-04 16:00:00,1012
2022-05-05 16:00:00,1013.0000000000001
2022-05-06 16:00:00,1017.0000000000001
2022-05-07 16:00:00,1019.0000000000001
2022-05-08 16:00:00,1019.0000000000001
2022-05-09 16:00:00,1021.0000000000001
2022-05-10 16:00:00,1026
2022-05-11 16:00:00,1034
2022-05-12 16:00:00,1037
2022-05-13 16:00:00,1036
2022-05-14 16:00:00,1034
2022-05-15 16:00:00,1030
2022-05-16 16:00:00,1030
2022-05-17 16:00:00,1029
2022-05-18 16:00:00,1028
2022-05-19 16:00:00,1034
2022-05-20 16:00:00,1030
2022-05-21 16:00:00,1029
2022-05-22 16:00:00,1021.0000000000001
2022-05-23 16:00:00,1014
2022-05-24 16:00:00,1006
2022-05-25 16:00:00,997
2022-05-26 16:00:00,989
2022-05-27 16:00:00,982
2022-05-28 16:00:00,972
2022-05-29 16:00:00,954
2022-05-30 16:00:00,934
2022-05-31 16:00:00,921
2022-06-01 16:00:00,905
2022-06-02 16:00:00,882
2022-06-03 16:00:00,862
2022-06-04 16:00:00,845
2022-06-05 16:00:00,828
2022-06-06 16:00:00,812
2022-06-07 16:00:00,796
2022-06-08 16:00:00,783
2022-06-09 16:00:00,770
2022-06-10 16:00:00,751
2022-06-11 16:00:00,728
2022-06-12 16:00:00,709
2022-06-13 16:00:00,691
2022-06-14 16:00:00,686
2022-06-15 16:00:00,666
2022-06-16 16:00:00,644
2022-06-17 16:00:00,629
2022-06-18 16:00:00,603
2022-06-19 16:00:00,574
2022-06-20 16:00:00,553
2022-06-21 16:00:00,527
2022-06-22 16:00:00,511
2022-06-23 16:00:00,484
2022-06-24 16:00:00,476
2022-06-25 16:00:00,464
2022-06-26 16:00:00,441
2022-06-27 16:00:00,403
2022-06-28 16:00:00,362
2022-06-29 16:00:00,336
2022-06-30 16:00:00,317
2022-07-01 16:00:00,276
2022-07-02 16:00:00,242
2022-07-03 16:00:00,199
2022-07-04 16:00:00,186
2022-07-05 16:00:00,166
2022-07-06 16:00:00,134
2022-07-07 16:00:00,115
2022-07-08 16:00:00,90
2022-07-09 16:00:00,65
2022-07-10 16:00:00,35
2022-07-11 16:00:00,19
2022-07-12 16:00:00,8
2022-07-13 16:00:00,3
2022-07-14 16:00:00,-2
2022-07-15 16:00:00,-3
2022-07-15 16:00:01,NaN
2022-07-17 15:59:59,NaN
2022-07-17 16:00:00,-4
2022-07-18 16:00:00,-2
2022-07-19 16:00:00,-2
2022-07-20 16:00:00,-3
2022-07-21 16:00:00,-4
2022-07-22 16:00:00,-4
2022-07-23 16:00:00,-4
2022-07-24 16:00:00,-3
2022-07-25 16:00:00,-3
2022-07-26 16:00:00,-4
2022-07-27 16:00:00,-4
2022-07-28 16:00:00,-4
2022-07-29 16:00:00,-4
2022-07-30 16:00:00,-4
2022-07-31 16:00:00,-5
2022-08-01 16:00:00,-4
2022-08-02 16:00:00,-2
2022-08-03 16:00:00,-4
2022-08-04 16:00:00,-3
2022-08-05 16:00:00,-2
2022-08-06 16:00:00,-4
2022-08-07 16:00:00,-4
2022-08-08 16:00:00,-4
2022-08-09 16:00:00,-4
2022-08-10 16:00:00,-3
2022-08-11 16:00:00,-4
2022-08-12 16:00:00,-4
2022-08-13 16:00:00,-5
2022-08-14 16:00:00,-5
2022-08-15 16:00:00,-5
2022-08-16 16:00:00,-5
2022-08-17 16:00:00,-5
2022-08-18 16:00:00,-4
2022-08-19 16:00:00,-4
2022-08-20 16:00:00,-3
2022-08-21 16:00:00,-4
2022-08-22 16:00:00,-2
2022-08-23 16:00:00,-1
2022-08-24 16:00:00,-2
2022-08-25 16:00:00,-2
2022-08-26 16:00:00,-2
2022-08-27 16:00:00,-1
2022-08-28 16:00:00,-2
2022-08-29 16:00:00,-3
2022-08-30 16:00:00,-3
2022-08-31 16:00:00,-3
2022-09-01 16:00:00,-3
2022-09-02 16:00:00,-4
2022-09-03 16:00:00,-4
2022-09-04 16:00:00,-3
2022-09-05 16:00:00,-3
2022-09-06 16:00:00,-5
2022-09-07 16:00:00,-4
2022-09-08 16:00:00,-5
2022-09-09 16:00:00,-5
2022-09-10 16:00:00,-5
2022-09-11 16:00:00,-4
2022-09-12 16:00:00,-4
2022-09-13 16:00:00,-3
2022-09-14 16:00:00,-2
2022-09-15 16:00:00,-2
2022-09-16 16:00:00,-2
2022-09-17 16:00:00,-2
2022-09-18 16:00:00,-3
2022-09-19 16:00:00,-2
2022-09-20 16:00:00,-2
2022-09-21 16:00:00,-3
2022-09-22 16:00:00,-3
2022-09-23 16:00:00,-3
2022-09-24 16:00:00,-3
2022-09-25 16:00:00,-3
2022-09-26 16:00:00,-2
2022-09-27 16:00:00,-2
2022-09-28 16:00:00,-2
2022-09-29 16:00:00,-2
2022-09-30 16:00:00,-3
2022-10-01 16:00:00,0
2022-10-02 16:00:00,0
2022-10-03 16:00:00,0
2022-10-04 16:00:00,0
2022-10-05 16:00:00,0
2022-10-06 16:00:00,0
2022-10-07 16:00:00,0
2022-10-08 16:00:00,0
2022-10-09 16:00:00,0
2022-10-10 16:00:00,0
2022-10-11 16:00:00,0
2022-10-12 16:00:00,0
2022-10-13 16:00:00,0
2022-10-14 16:00:00,0
2022-10-15 16:00:00,0
2022-10-16 16:00:00,0
2022-10-17 16:00:00,0
2022-10-18 16:00:00,0
2022-10-19 16:00:00,0
2022-10-20 16:00:00,0
2022-10-21 16:00:00,1.031
2022-10-22 16:00:00,6.186
2022-10-23 16:00:00,10.31
2022-10-24 16:00:00,11.341
2022-10-25 16:00:00,26.806
2022-10-26 16:00:00,26.806
2022-10-27 16:00:00,29.899
2022-10-28 16:00:00,49.488
2022-10-29 16:00:00,54.643
2022-10-30 16:00:00,55.67399999999999
2022-10-31 16:00:00,74.232
2022-11-01 16:00:00,77.32499999999997
2022-11-02 16:00:00,87.63499999999998
2022-11-03 16:00:00,88.666
2022-11-04 16:00:00,89.69699999999997
2022-11-05 16:00:00,121.658
2022-11-06 16:00:00,127.84399999999998
2022-11-07 16:00:00,128.875
2022-11-08 16:00:00,131.968
2022-11-09 16:00:00,136.09199999999998
2022-11-10 16:00:00,139.185
2022-11-11 16:00:00,139.185
2022-11-12 16:00:00,139.185
2022-11-13 16:00:00,137.123
2022-11-14 16:00:00,137.123
2022-11-15 16:00:00,137.123
2022-11-16 16:00:00,137.123
2022-11-17 16:00:00,138.154
2022-11-18 16:00:00,137.123
2022-11-19 16:00:00,138.154
2022-11-20 16:00:00,139.185
2022-11-21 16:00:00,140.21599999999998
2022-11-22 16:00:00,140.21599999999998
2022-11-23 16:00:00,143.309
2022-11-24 16:00:00,143.309
2022-11-25 16:00:00,144.33999999999997
2022-11-26 16:00:00,155.68099999999995
2022-11-27 16:00:00,161.86700000000002
2022-11-28 16:00:00,162.898
2022-11-29 16:00:00,162.898
2022-11-30 16:00:00,164.95999999999995
2022-12-01 16:00:00,170.11499999999995
2022-12-02 16:00:00,172.17700000000002
2022-12-03 16:00:00,174.23899999999998
2022-12-04 16:00:00,174.23899999999998
2022-12-05 16:00:00,176.301
2022-12-06 16:00:00,179.39399999999995
2022-12-07 16:00:00,185.58
2022-12-08 16:00:00,187.642
2022-12-09 16:00:00,192.797
2022-12-10 16:00:00,193.828
2022-12-11 16:00:00,194.859
2022-12-12 16:00:00,194.859
2022-12-13 16:00:00,195.89
2022-12-14 16:00:00,195.89
2022-12-15 16:00:00,195.89
2022-12-16 16:00:00,196.921
2022-12-17 16:00:00,198.983
2022-12-18 16:00:00,200.014
2022-12-19 16:00:00,200.014
2022-12-20 16:00:00,200.014
2022-12-21 16:00:00,200.014
2022-12-22 16:00:00,200.014
2022-12-23 16:00:00,200.014
2022-12-24 16:00:00,220.63400000000001
2022-12-25 16:00:00,238.161
2022-12-26 16:00:00,240.223
2022-12-27 16:00:00,254.657
2022-12-28 16:00:00,261.874
2022-12-29 16:00:00,273.215
2022-12-30 16:00:00,273.215
2022-12-31 16:00:00,276.308
2023-01-01 16:00:00,282.494
2023-01-02 16:00:00,282.494
2023-01-03 16:00:00,283.525
2023-01-04 16:00:00,283.525
2023-01-05 16:00:00,284.556
2023-01-06 16:00:00,285.587
2023-01-07 16:00:00,285.587
2023-01-08 16:00:00,286.618
2023-01-09 16:00:00,290.742
2023-01-10 16:00:00,290.742
2023-01-11 16:00:00,291.773
2023-01-12 16:00:00,291.773
2023-01-13 16:00:00,293.835
2023-01-14 16:00:00,294.866
2023-01-15 16:00:00,294.866
2023-01-16 16:00:00,302.083
2023-01-17 16:00:00,302.083
2023-01-18 16:00:00,303.11400000000003
2023-01-19 16:00:00,303.11400000000003
2023-01-20 16:00:00,303.11400000000003
2023-01-21 16:00:00,303.11400000000003
2023-01-22 16:00:00,303.11400000000003
2023-01-23 16:00:00,303.11400000000003
2023-01-24 16:00:00,305.176
2023-01-25 16:00:00,305.176
2023-01-26 16:00:00,314.455
2023-01-27 16:00:00,320.641
2023-01-28 16:00:00,320.641
2023-01-29 16:00:00,320.641
2023-01-30 16:00:00,320.641
2023-01-31 16:00:00,320.641
2023-02-01 16:00:00,320.641
2023-02-02 16:00:00,321.672
2023-02-03 16:00:00,328.8889999999999
2023-02-04 16:00:00,333.01300000000003
2023-02-05 16:00:00,336.106
2023-02-06 16:00:00,339.199
2023-02-07 16:00:00,341.261
2023-02-08 16:00:00,347.44699999999995
2023-02-09 16:00:00,348.47799999999995
2023-02-10 16:00:00,348.47799999999995
2023-02-11 16:00:00,349.509
2023-02-12 16:00:00,350.54
2023-02-13 16:00:00,360.85
2023-02-14 16:00:00,360.85
2023-02-15 16:00:00,360.85
2023-02-16 16:00:00,361.881
2023-02-17 16:00:00,363.94300000000004
2023-02-18 16:00:00,368.067
2023-02-19 16:00:00,376.315
2023-02-20 16:00:00,392.811
2023-02-21 16:00:00,410.338
2023-02-22 16:00:00,418.586
2023-02-23 16:00:00,418.586
2023-02-24 16:00:00,418.586
2023-02-24 16:00:01,NaN
2023-02-26 15:59:59,NaN
2023-02-26 16:00:00,429.927
2023-02-27 16:00:00,437.144
2023-02-28 16:00:00,439.206
2023-03-01 16:00:00,440.237
2023-03-02 16:00:00,445.392
2023-03-03 16:00:00,448.485
2023-03-04 16:00:00,451.57800000000003
2023-03-05 16:00:00,452.60900000000004
2023-03-06 16:00:00,453.64
2023-03-07 16:00:00,454.671
2023-03-08 16:00:00,455.702
2023-03-09 16:00:00,456.733
2023-03-10 16:00:00,457.764
2023-03-11 16:00:00,458.795
2023-03-12 16:00:00,458.795
2023-03-13 16:00:00,467.043
2023-03-14 16:00:00,494.88
2023-03-15 16:00:00,500.035
2023-03-16 16:00:00,500.035
2023-03-17 16:00:00,502.097
2023-03-18 16:00:00,504.1589999999999
2023-03-19 16:00:00,506.221
2023-03-20 16:00:00,508.283
2023-03-21 16:00:00,509.314
2023-03-22 16:00:00,508.283
2023-03-23 16:00:00,508.283
2023-03-24 16:00:00,509.314
2023-03-25 16:00:00,510.345
2023-03-26 16:00:00,512.4069999999998
2023-03-27 16:00:00,520.655
2023-03-28 16:00:00,529.934
2023-03-29 16:00:00,531.996
2023-03-30 16:00:00,534.058
2023-03-31 16:00:00,536.12
2023-04-01 16:00:00,536.12
2023-04-02 16:00:00,537.151
2023-04-03 16:00:00,543.337
2023-04-04 16:00:00,544.3679999999998
2023-04-05 16:00:00,545.399
2023-04-06 16:00:00,548.492
2023-04-07 16:00:00,551.5849999999998
2023-04-08 16:00:00,552.616
2023-04-09 16:00:00,552.616
2023-04-10 16:00:00,567.05
2023-04-11 16:00:00,610.352
2023-04-12 16:00:00,617.569
2023-04-13 16:00:00,620.6619999999998
2023-04-14 16:00:00,620.6619999999998
2023-04-15 16:00:00,621.693
2023-04-16 16:00:00,623.755
2023-04-17 16:00:00,635.096
2023-04-18 16:00:00,640.251
2023-04-19 16:00:00,643.3439999999998
2023-04-20 16:00:00,648.4989999999998
2023-04-21 16:00:00,653.654
2023-04-22 16:00:00,657.7779999999998
2023-04-23 16:00:00,661.9019999999998
2023-04-24 16:00:00,664.9949999999999
2023-04-25 16:00:00,668.0880000000001
2023-04-26 16:00:00,669.1189999999998
2023-04-27 16:00:00,673.2429999999998
2023-04-28 16:00:00,673.2429999999998
2023-04-29 16:00:00,671.1809999999998
2023-04-30 16:00:00,671.1809999999998
2023-05-01 16:00:00,670.15
2023-05-02 16:00:00,660.8710000000001
2023-05-03 16:00:00,642.313
2023-05-04 16:00:00,611.3829999999998
2023-05-05 16:00:00,584.577
2023-05-06 16:00:00,555.7090000000001
2023-05-07 16:00:00,551.5849999999998
2023-05-08 16:00:00,549.5229999999998
2023-05-09 16:00:00,544.3679999999998
2023-05-10 16:00:00,539.2130000000001
2023-05-11 16:00:00,527.872
2023-05-12 16:00:00,510.345
2023-05-13 16:00:00,486.632
2023-05-14 16:00:00,458.795
2023-05-15 16:00:00,428.896
2023-05-16 16:00:00,394.87300000000005
2023-05-17 16:00:00,360.85
2023-05-18 16:00:00,325.796
2023-05-19 16:00:00,297.959
2023-05-20 16:00:00,258.781
2023-05-21 16:00:00,228.882
2023-05-22 16:00:00,193.828
2023-05-23 16:00:00,186.611
2023-05-24 16:00:00,179.39399999999995
2023-05-25 16:00:00,161.86700000000002
2023-05-26 16:00:00,137.123
2023-05-27 16:00:00,100.007
2023-05-28 16:00:00,54.643
2023-05-29 16:00:00,29.899
2023-05-30 16:00:00,15.464999999999998
2023-05-31 16:00:00,8.248
2023-06-01 16:00:00,6.186
2023-06-02 16:00:00,3.093
2023-06-03 16:00:00,1.031
2023-06-04 16:00:00,0
2023-06-05 16:00:00,0
2023-06-06 16:00:00,0
2023-06-07 16:00:00,0
2023-06-08 16:00:00,0
2023-06-09 16:00:00,0
2023-06-10 16:00:00,0
2023-06-11 16:00:00,0
2023-06-12 16:00:00,0
2023-06-13 16:00:00,0
2023-06-14 16:00:00,0
2023-06-15 16:00:00,0
2023-06-16 16:00:00,0
2023-06-17 16:00:00,0
2023-06-18 16:00:00,7.2170000000000005
2023-06-19 16:00:00,21.651
2023-06-20 16:00:00,39.178000000000004
2023-06-21 16:00:00,45.364
2023-06-22 16:00:00,38.147
2023-06-23 16:00:00,26.806
2023-06-24 16:00:00,3.093
2023-06-25 16:00:00,0
2023-06-26 16:00:00,0
2023-06-27 16:00:00,0
2023-06-28 16:00:00,0
2023-06-29 16:00:00,0
2023-06-30 16:00:00,0
2023-07-01 16:00:00,0
2023-07-02 16:00:00,0
2023-07-03 16:00:00,0
2023-07-04 16:00:00,0
2023-07-05 16:00:00,0
2023-07-06 16:00:00,0
2023-07-07 16:00:00,0
2023-07-08 16:00:00,0
2023-07-09 16:00:00,0
2023-07-10 16:00:00,0
2023-07-11 16:00:00,0
2023-07-12 16:00:00,0
2023-07-13 16:00:00,0
2023-07-14 16:00:00,0
2023-07-15 16:00:00,0
2023-07-16 16:00:00,0
2023-07-17 16:00:00,0
2023-07-18 16:00:00,0
2023-07-19 16:00:00,0
2023-07-20 16:00:00,0
2023-07-21 16:00:00,0
2023-07-22 16:00:00,0
2023-07-23 16:00:00,0
2023-07-24 16:00:00,0
2023-07-25 16:00:00,0
2023-07-26 16:00:00,0
2023-07-27 16:00:00,0
2023-07-28 16:00:00,0
2023-07-29 16:00:00,0
2023-07-30 16:00:00,0
2023-07-31 16:00:00,0
2023-08-01 16:00:00,0
2023-08-02 16:00:00,0
2023-08-03 16:00:00,0
2023-08-04 16:00:00,0
2023-08-05 16:00:00,0
2023-08-06 16:00:00,0
2023-08-07 16:00:00,0
2023-08-08 16:00:00,0
2023-08-09 16:00:00,0
2023-08-10 16:00:00,0
2023-08-11 16:00:00,0
2023-08-12 16:00:00,0
2023-08-13 16:00:00,0
2023-08-14 16:00:00,0
2023-08-15 16:00:00,0
2023-08-16 16:00:00,0
2023-08-17 16:00:00,0
2023-08-18 16:00:00,0
2023-08-19 16:00:00,0
2023-08-20 16:00:00,0
2023-08-21 16:00:00,0
2023-08-22 16:00:00,0
2023-08-23 16:00:00,0
2023-08-24 16:00:00,0
2023-08-25 16:00:00,0
2023-08-26 16:00:00,0
2023-08-27 16:00:00,0
2023-08-28 16:00:00,0
2023-08-29 16:00:00,0
2023-08-30 16:00:00,0
2023-08-31 16:00:00,0
2023-09-01 16:00:00,0
2023-09-02 16:00:00,0
2023-09-03 16:00:00,0
2023-09-04 16:00:00,0
2023-09-05 16:00:00,0
2023-09-06 16:00:00,0
2023-09-07 16:00:00,0
2023-09-08 16:00:00,0
2023-09-09 16:00:00,0
2023-09-10 16:00:00,0
2023-09-11 16:00:00,0
2023-09-12 16:00:00,0
2023-09-13 16:00:00,0
2023-09-14 16:00:00,0
2023-09-15 16:00:00,0
2023-09-16 16:00:00,0
2023-09-17 16:00:00,0
2023-09-18 16:00:00,0
2023-09-19 16:00:00,0
2023-09-20 16:00:00,0
2023-09-21 16:00:00,0
2023-09-22 16:00:00,0
2023-09-23 16:00:00,0
2023-09-24 16:00:00,0
2023-09-25 16:00:00,0
2023-09-26 16:00:00,0
2023-09-27 16:00:00,0
2023-09-28 16:00:00,0
2023-09-29 16:00:00,4.124
2023-09-30 16:00:00,6.186
2023-10-01 16:00:00,12.372
2023-10-02 16:00:00,12.372
2023-10-03 16:00:00,9.279
2023-10-04 16:00:00,7.2170000000000005
2023-10-05 16:00:00,3.093
2023-10-06 16:00:00,0
2023-10-07 16:00:00,0
2023-10-08 16:00:00,0
2023-10-09 16:00:00,0
2023-10-10 16:00:00,0
2023-10-11 16:00:00,0
2023-10-12 16:00:00,0
2023-10-13 16:00:00,0
2023-10-14 16:00:00,0
2023-10-15 16:00:00,0
2023-10-16 16:00:00,-1.031
2023-10-17 16:00:00,2.062
2023-10-18 16:00:00,8.248
2023-10-19 16:00:00,14.434000000000001
2023-10-20 16:00:00,3.093
2023-10-21 16:00:00,-1.031
2023-10-22 16:00:00,0
2023-10-23 16:00:00,-1.031
2023-10-24 16:00:00,7.2170000000000005
2023-10-25 16:00:00,8.248
2023-10-26 16:00:00,8.248
2023-10-27 16:00:00,9.279
2023-10-28 16:00:00,11.341
2023-10-29 16:00:00,14.434000000000001
2023-10-30 16:00:00,17.526999999999994
2023-10-31 16:00:00,18.558
2023-11-01 16:00:00,20.62
2023-11-02 16:00:00,22.682
2023-11-03 16:00:00,26.806
2023-11-04 16:00:00,35.053999999999995
2023-11-05 16:00:00,38.147
2023-11-06 16:00:00,38.147
2023-11-07 16:00:00,40.209
2023-11-08 16:00:00,43.302
2023-11-09 16:00:00,44.333
2023-11-10 16:00:00,44.333
2023-11-11 16:00:00,46.395
2023-11-12 16:00:00,62.891
2023-11-13 16:00:00,64.95299999999999
2023-11-14 16:00:00,74.232
2023-11-15 16:00:00,74.232
2023-11-16 16:00:00,75.26299999999998
2023-11-17 16:00:00,76.294
2023-11-18 16:00:00,76.294
2023-11-19 16:00:00,76.294
2023-11-20 16:00:00,78.35600000000001
2023-11-21 16:00:00,78.35600000000001
2023-11-22 16:00:00,82.47999999999998
2023-11-23 16:00:00,83.51100000000001
2023-11-24 16:00:00,84.54199999999999
2023-11-25 16:00:00,84.54199999999999
2023-11-26 16:00:00,85.573
2023-11-27 16:00:00,85.573
2023-11-28 16:00:00,85.573
2023-11-29 16:00:00,85.573
2023-11-30 16:00:00,85.573
2023-12-01 16:00:00,87.63499999999998
2023-12-02 16:00:00,90.728
2023-12-03 16:00:00,94.852
2023-12-04 16:00:00,102.069
2023-12-05 16:00:00,114.441
2023-12-06 16:00:00,162.898
2023-12-07 16:00:00,192.797
2023-12-08 16:00:00,201.045
2023-12-09 16:00:00,202.076
2023-12-10 16:00:00,207.231
2023-12-11 16:00:00,209.293
2023-12-12 16:00:00,209.293
2023-12-13 16:00:00,209.293
2023-12-14 16:00:00,209.293
2023-12-15 16:00:00,214.448
2023-12-16 16:00:00,215.479
2023-12-17 16:00:00,218.572
2023-12-18 16:00:00,219.603
2023-12-19 16:00:00,221.665
2023-12-20 16:00:00,222.696
2023-12-21 16:00:00,222.696
2023-12-22 16:00:00,223.727
2023-12-23 16:00:00,231.975
2023-12-24 16:00:00,230.94400000000002
2023-12-25 16:00:00,230.94400000000002
2023-12-26 16:00:00,230.94400000000002
2023-12-27 16:00:00,230.94400000000002
2023-12-28 16:00:00,230.94400000000002
2023-12-29 16:00:00,230.94400000000002
2023-12-30 16:00:00,231.975
2023-12-31 16:00:00,231.975
2024-01-01 16:00:00,233.006
2024-01-02 16:00:00,234.037
2024-01-03 16:00:00,234.037
2024-01-04 16:00:00,234.037
2024-01-05 16:00:00,236.09900000000002
2024-01-06 16:00:00,242.285
2024-01-07 16:00:00,251.564
2024-01-08 16:00:00,252.595
2024-01-09 16:00:00,260.843
2024-01-10 16:00:00,276.308
2024-01-11 16:00:00,276.308
2024-01-12 16:00:00,276.308
2024-01-13 16:00:00,277.339
2024-01-14 16:00:00,277.339
2024-01-15 16:00:00,277.339
2024-01-16 16:00:00,277.339
2024-01-17 16:00:00,279.40099999999995
2024-01-18 16:00:00,286.618
2024-01-19 16:00:00,286.618
2024-01-20 16:00:00,296.928
2024-01-21 16:00:00,302.083
2024-01-22 16:00:00,302.083
2024-01-23 16:00:00,303.11400000000003
2024-01-24 16:00:00,306.207
2024-01-25 16:00:00,308.26899999999995
2024-01-26 16:00:00,309.2999999999999
2024-01-27 16:00:00,310.331
2024-01-28 16:00:00,312.393
2024-01-29 16:00:00,316.517
2024-01-30 16:00:00,318.57899999999995
2024-01-31 16:00:00,319.61
2024-02-01 16:00:00,319.61
2024-02-02 16:00:00,319.61
2024-02-03 16:00:00,319.61
2024-02-04 16:00:00,325.796
2024-02-05 16:00:00,333.01300000000003
2024-02-06 16:00:00,337.13699999999994
2024-02-07 16:00:00,338.16799999999995
2024-02-08 16:00:00,338.16799999999995
2024-02-09 16:00:00,340.23
2024-02-10 16:00:00,340.23
2024-02-11 16:00:00,341.261
2024-02-12 16:00:00,345.385
2024-02-13 16:00:00,348.47799999999995
2024-02-14 16:00:00,351.571
2024-02-15 16:00:00,352.602
2024-02-16 16:00:00,352.602
2024-02-17 16:00:00,355.695
2024-02-18 16:00:00,357.75699999999995
2024-02-19 16:00:00,359.819
2024-02-20 16:00:00,360.85
2024-02-21 16:00:00,360.85
2024-02-22 16:00:00,361.881
2024-02-23 16:00:00,361.881
2024-02-24 16:00:00,363.94300000000004
2024-02-25 16:00:00,380.439
2024-02-26 16:00:00,394.87300000000005
2024-02-27 16:00:00,394.87300000000005
2024-02-28 16:00:00,409.307
2024-02-29 16:00:00,456.733
2024-03-01 16:00:00,482.50800000000004
2024-03-02 16:00:00,489.725
2024-03-03 16:00:00,492.81800000000004
2024-03-04 16:00:00,493.84899999999993
2024-03-05 16:00:00,495.911
2024-03-06 16:00:00,495.911
2024-03-07 16:00:00,497.973
2024-03-08 16:00:00,500.035
2024-03-09 16:00:00,501.066
2024-03-10 16:00:00,504.1589999999999
2024-03-11 16:00:00,510.345
2024-03-12 16:00:00,516.531
2024-03-13 16:00:00,517.562
2024-03-14 16:00:00,517.562
2024-03-15 16:00:00,518.5930000000001
2024-03-16 16:00:00,518.5930000000001
2024-03-17 16:00:00,518.5930000000001
2024-03-18 16:00:00,518.5930000000001
2024-03-19 16:00:00,518.5930000000001
2024-03-20 16:00:00,518.5930000000001
2024-03-21 16:00:00,535.0889999999998
2024-03-22 16:00:00,537.151
2024-03-23 16:00:00,542.3059999999998
2024-03-24 16:00:00,542.3059999999998
2024-03-25 16:00:00,543.337
2024-03-26 16:00:00,543.337
2024-03-27 16:00:00,544.3679999999998
2024-03-28 16:00:00,546.43
2024-03-29 16:00:00,549.5229999999998
2024-03-30 16:00:00,557.771
2024-03-31 16:00:00,560.8639999999998
2024-04-01 16:00:00,561.895
2024-04-02 16:00:00,560.8639999999998
2024-04-03 16:00:00,571.174
2024-04-04 16:00:00,576.3290000000001
2024-04-05 16:00:00,580.453
2024-04-06 16:00:00,582.515
2024-04-07 16:00:00,583.5459999999998
2024-04-08 16:00:00,583.5459999999998
2024-04-09 16:00:00,584.577
2024-04-10 16:00:00,584.577
2024-04-11 16:00:00,585.6080000000001
2024-04-12 16:00:00,588.7009999999998
2024-04-13 16:00:00,591.794
2024-04-14 16:00:00,589.732
2024-04-15 16:00:00,585.6080000000001
2024-04-16 16:00:00,589.732
2024-04-17 16:00:00,588.7009999999998
2024-04-18 16:00:00,589.732
2024-04-19 16:00:00,589.732
2024-04-20 16:00:00,591.794
2024-04-21 16:00:00,595.918
2024-04-22 16:00:00,595.918
2024-04-23 16:00:00,595.918
2024-04-24 16:00:00,591.794
2024-04-25 16:00:00,592.8249999999998
2024-04-26 16:00:00,606.2280000000001
2024-04-27 16:00:00,623.755
2024-04-28 16:00:00,641.2819999999998
2024-04-29 16:00:00,648.4989999999998
2024-04-30 16:00:00,652.6229999999998
2024-05-01 16:00:00,654.685
2024-05-02 16:00:00,656.747
2024-05-03 16:00:00,653.654
2024-05-04 16:00:00,646.4369999999999
2024-05-05 16:00:00,645.406
2024-05-06 16:00:00,642.313
2024-05-07 16:00:00,647.4680000000001
2024-05-08 16:00:00,645.406
2024-05-09 16:00:00,638.189
2024-05-10 16:00:00,632.0029999999998
2024-05-11 16:00:00,620.6619999999998
2024-05-12 16:00:00,601.073
2024-05-13 16:00:00,581.4839999999998
2024-05-14 16:00:00,571.174
2024-05-15 16:00:00,551.5849999999998
2024-05-16 16:00:00,549.5229999999998
2024-05-17 16:00:00,552.616
2024-05-18 16:00:00,564.9879999999998
2024-05-19 16:00:00,568.0809999999999
2024-05-20 16:00:00,568.0809999999999
2024-05-21 16:00:00,567.05
2024-05-22 16:00:00,578.391
2024-05-23 16:00:00,577.3599999999999
2024-05-24 16:00:00,572.2049999999998
2024-05-25 16:00:00,560.8639999999998
2024-05-26 16:00:00,557.771
2024-05-27 16:00:00,555.7090000000001
2024-05-28 16:00:00,538.1819999999999
2024-05-29 16:00:00,524.779
2024-05-30 16:00:00,518.5930000000001
2024-05-31 16:00:00,518.5930000000001
2024-06-01 16:00:00,518.5930000000001
2024-06-02 16:00:00,509.314
2024-06-03 16:00:00,492.81800000000004
2024-06-04 16:00:00,482.50800000000004
2024-06-05 16:00:00,484.57
2024-06-06 16:00:00,481.477
2024-06-07 16:00:00,461.88800000000003
2024-06-08 16:00:00,430.958
2024-06-09 16:00:00,404.152
2024-06-10 16:00:00,377.346
2024-06-11 16:00:00,358.7879999999999
2024-06-12 16:00:00,339.199
2024-06-13 16:00:00,328.8889999999999
2024-06-14 16:00:00,300.021
2024-06-15 16:00:00,280.432
2024-06-16 16:00:00,281.463
2024-06-17 16:00:00,290.742
2024-06-18 16:00:00,290.742
2024-06-19 16:00:00,289.711
2024-06-20 16:00:00,284.556
2024-06-21 16:00:00,251.564
2024-06-22 16:00:00,218.572
2024-06-23 16:00:00,187.642
2024-06-24 16:00:00,164.95999999999995
2024-06-25 16:00:00,143.309
2024-06-26 16:00:00,103.1
2024-06-27 16:00:00,74.232
2024-06-28 16:00:00,54.643
2024-06-29 16:00:00,27.837
2024-06-30 16:00:00,13.403
2024-07-01 16:00:00,8.248
2024-07-02 16:00:00,5.1549999999999985
2024-07-03 16:00:00,2.062
2024-07-04 16:00:00,1.031
2024-07-05 16:00:00,-2.062
2024-07-06 16:00:00,-3.093
2024-07-07 16:00:00,-4.124
2024-07-08 16:00:00,-4.124
2024-07-09 16:00:00,-4.124
2024-07-10 16:00:00,-3.093
2024-07-11 16:00:00,-4.124
2024-07-12 16:00:00,-4.124
2024-07-13 16:00:00,-5.1549999999999985
2024-07-14 16:00:00,-5.1549999999999985
2024-07-15 16:00:00,-5.1549999999999985
2024-07-16 16:00:00,-5.1549999999999985
2024-07-17 16:00:00,-5.1549999999999985
2024-07-18 16:00:00,-4.124
2024-07-19 16:00:00,-5.1549999999999985
2024-07-20 16:00:00,-5.1549999999999985
2024-07-21 16:00:00,-5.1549999999999985
2024-07-22 16:00:00,-5.1549999999999985
2024-07-23 16:00:00,-3.093
2024-07-24 16:00:00,-5.1549999999999985
2024-07-25 16:00:00,-4.124
2024-07-26 16:00:00,-4.124
2024-07-27 16:00:00,-4.124
2024-07-28 16:00:00,-5.1549999999999985
2024-07-29 16:00:00,-5.1549999999999985
2024-07-30 16:00:00,-3.093
2024-07-31 16:00:00,-3.093
2024-08-01 16:00:00,-4.124
2024-08-02 16:00:00,-5.1549999999999985
2024-08-03 16:00:00,-5.1549999999999985
2024-08-04 16:00:00,-5.1549999999999985
2024-08-05 16:00:00,-4.124
2024-08-06 16:00:00,-3.093
2024-08-07 16:00:00,-3.093
2024-08-08 16:00:00,-5.1549999999999985
2024-08-09 16:00:00,-5.1549999999999985
2024-08-10 16:00:00,-5.1549999999999985
2024-08-11 16:00:00,-4.124
2024-08-12 16:00:00,-2.062
2024-08-13 16:00:00,-3.093
2024-08-14 16:00:00,-3.093
2024-08-15 16:00:00,-3.093
2024-08-16 16:00:00,-2.062
2024-08-17 16:00:00,-1.031
2024-08-18 16:00:00,-3.093
2024-08-19 16:00:00,-3.093
2024-08-20 16:00:00,-4.124
2024-08-21 16:00:00,-3.093
2024-08-22 16:00:00,-3.093
2024-08-23 16:00:00,-4.124
2024-08-24 16:00:00,-2.062
2024-08-25 16:00:00,-3.093
2024-08-26 16:00:00,-4.124
2024-08-27 16:00:00,-3.093
2024-08-28 16:00:00,6.186
2024-08-29 16:00:00,-2.062
2024-08-30 16:00:00,-3.093
2024-08-31 16:00:00,-3.093
2024-09-01 16:00:00,-4.124
2024-09-02 16:00:00,-4.124
2024-09-03 16:00:00,-4.124
2024-09-04 16:00:00,-5.154999999999999
2024-09-05 16:00:00,-5.154999999999999
2024-09-06 16:00:00,-5.154999999999999
2024-09-07 16:00:00,-4.124
2024-09-08 16:00:00,-5.154999999999999
2024-09-09 16:00:00,-4.124
2024-09-10 16:00:00,-4.124
2024-09-11 16:00:00,-3.093
2024-09-12 16:00:00,-2.062
2024-09-13 16:00:00,-3.093
2024-09-14 16:00:00,-2.062
2024-09-15 16:00:00,-3.093
2024-09-16 16:00:00,-4.124
2024-09-17 16:00:00,-4.124
2024-09-18 16:00:00,-4.124
2024-09-19 16:00:00,-5.154999999999999
2024-09-20 16:00:00,-1.031
2024-09-21 16:00:00,-4.124
2024-09-22 16:00:00,0
2024-09-23 16:00:00,0.5155
2024-09-24 16:00:00,1.031
2024-09-25 16:00:00,0
2024-09-26 16:00:00,1.031
2024-09-27 16:00:00,1.031
2024-09-28 16:00:00,-1.031
2024-09-29 16:00:00,1.031
2024-09-30 16:00:00,1.031
2024-10-01 16:00:00,8.248
